restaurant_id,website,rating,middle_eastern,african,american,mexican,latin_american,italian,chinese,japanese,southern_central_asian,french,eastern_europe,central_europe,caribbean,mediterranean,indian,spanish,kosher,gluten_free,oneDollar,twoDollar,threeDollar,fourDollar,pickup,delivery,restaurant_reservation,Classy,Loud,Hipster,Groups,Kids,Garage,Street,Valet,Validated,WiFi,Monday,Tuesday,Wednesday,Thursday,Friday,Saturday,Sunday,TV,Waiter,Outdoor,Dancing,Working,Smoking,Bike,Casual,Intimate,Upscale,Moderate,Quiet,Breakfast,Lunch,Dinner,Dessert,Brunch,Late,Trendy,Divey,Bar,Catering,Plastic,reusable,staffMasks,staffVac,vaccination,Compostable,Wheelchair,Vegan,Vegetarian,Gluten,Pescatarian,Keto,Soy,Dogs,Women,Military,Gender
lRH_cZ08TXKnCS5FKP0Qow,https://www.yelp.com/biz/un-je-ne-sais-quoi-washington?adjust_creative=zQXigI7LgZAT12wMOc08kg&utm_campaign=yelp_api_v3&utm_medium=api_v3_business_search&utm_source=zQXigI7LgZAT12wMOc08kg,4.5,0,0,0,0,0,0,0,0,0,0,0,0,0,0,0,0,0,0,1,0,0,0,0,1,0,1,0,0,-1,1,0,1,0,0,1,0,0,0,0,0,0,0,-1,-1,1,0,0,0,1,1,0,0,1,0,0,0,0,1,0,0,1,0,0,1,1,1,1,0,0,1,1,0,0,1,0,0,0,-1,1,0,1
ggeYPHJ-MKiVWR5OsgdKmg,http://roti.com,4.0,0,0,0,0,0,0,0,0,0,0,0,0,0,1,0,0,0,0,1,0,0,0,1,1,0,0,0,0,1,1,0,1,0,0,1,0,0,0,0,0,0,0,-1,-1,1,0,0,0,1,1,0,0,1,0,0,1,1,0,0,0,0,0,0,1,0,0,0,0,0,0,1,1,0,0,0,0,0,-1,0,0,0
M6CCTsxdJ330872oM_QJSw,http://www.boulangeriechristop…,4.0,0,0,0,0,0,0,0,0,0,1,0,0,0,0,0,0,0,0,1,0,0,0,0,1,0,1,0,0,-1,1,0,1,0,0,0,0,0,0,0,0,0,0,-1,1,1,0,0,0,-1,1,0,0,1,0,1,1,0,0,1,0,0,0,0,-1,0,0,1,0,0,0,1,1,1,0,0,0,0,1,0,0,1
8M2lx56pR6Ld6_BbTbSyeg,http://www.falafelinc.org,4.5,1,0,0,0,0,0,0,0,0,0,0,0,0,0,0,0,0,0,1,0,0,0,0,1,0,0,0,0,-1,1,0,1,0,0,0,0,0,0,0,0,0,0,1,-1,1,0,0,0,1,1,0,0,1,0,0,1,1,0,0,0,0,0,0,1,0,0,1,0,0,0,0,1,1,0,0,0,0,-1,0,0,0
iHhrBAMa833_hkYfZ5fDoQ,http://simplybanhmi.com,4.5,0,0,0,0,0,0,0,0,1,0,0,0,0,0,0,0,0,0,1,0,0,0,1,0,0,0,0,0,-1,1,0,1,0,0,1,0,0,0,0,0,0,0,-1,0,-1,0,0,0,1,1,0,0,1,0,0,1,1,0,0,0,0,0,0,1,0,0,1,0,0,0,-1,1,1,0,0,0,0,-1,0,0,1
Ldm1tzHlw--JRGASgNSNVw,http://www.yerevandc.com,5.0,0,0,0,0,0,0,0,0,0,0,0,0,0,0,0,1,0,0,1,0,0,0,0,0,0,0,0,0,0,1,0,1,0,0,1,0,0,0,0,0,0,0,-1,0,1,0,0,0,1,0,0,0,0,1,0,0,0,0,0,0,0,0,1,1,0,1,1,1,0,1,-1,0,0,0,0,0,0,-1,0,0,0
D9zhHpIfTmIwDLYk0CIEdg,https://www.yelp.com/biz/uptowner-cafe-washington?adjust_creative=zQXigI7LgZAT12wMOc08kg&utm_campaign=yelp_api_v3&utm_medium=api_v3_business_search&utm_source=zQXigI7LgZAT12wMOc08kg,4.0,0,0,0,0,0,0,0,0,0,0,0,0,0,0,0,0,0,0,1,0,0,0,1,1,0,0,0,0,-1,1,0,1,0,0,1,0,0,0,0,0,0,0,-1,-1,1,0,1,0,1,1,0,0,1,0,1,1,0,0,0,0,0,0,0,1,0,0,0,0,0,0,1,0,0,0,0,0,0,-1,0,0,1
HAaETXZznmKqwppZOqM5iw,http://www.henryssoulcafe.com,4.0,0,0,1,0,0,0,0,0,0,0,0,0,0,0,0,0,0,0,1,0,0,0,1,1,0,1,0,0,-1,1,0,1,0,0,0,0,0,0,0,0,0,0,-1,-1,0,0,0,0,-1,0,0,0,1,0,0,1,1,0,0,0,0,0,0,1,0,0,0,0,0,0,0,1,1,0,0,0,0,-1,0,0,0
SF2nnyDG-O1pXqX3UhJSoQ,http://www.dogtaginc.org,4.5,0,0,0,0,0,0,0,0,0,0,0,0,0,0,0,0,0,0,1,0,0,0,1,1,0,0,0,0,1,1,0,1,0,0,1,0,0,0,0,0,0,0,-1,-1,-1,0,0,0,1,1,0,0,0,1,1,1,0,1,0,0,1,0,0,1,0,0,1,0,0,0,1,1,1,1,0,0,0,-1,1,0,1
atKcmQdxa-GT31FjGVahUA,http://www.mobyskabob.com,4.0,1,0,0,0,0,0,0,0,0,0,0,0,0,1,0,0,0,0,1,0,0,0,1,1,0,0,0,0,1,1,0,1,0,0,0,0,0,0,0,0,0,0,1,-1,1,0,0,0,1,1,0,0,1,0,0,1,0,0,0,0,0,0,0,1,0,0,0,0,0,0,0,0,0,0,0,0,0,0,0,0,1
rsQZ8dFmseG-etfboifBqA,https://www.wiseguypizza.com,4.0,0,0,0,0,0,1,0,0,0,0,0,0,0,0,0,0,0,0,1,0,0,0,1,1,0,0,0,0,-1,1,1,1,0,0,1,0,0,0,0,0,0,0,-1,-1,0,0,0,0,1,1,0,0,1,0,0,1,1,0,0,0,0,0,0,1,0,0,0,0,0,0,0,0,1,0,0,0,0,-1,0,0,1
TOlqB7-zoUdMg_DTlFXVOA,http://www.elfuegoperuvianfood…,4.5,0,0,0,0,1,0,0,0,0,0,0,0,0,0,0,0,0,0,1,0,0,0,1,1,0,0,0,0,1,1,0,1,0,0,0,0,0,0,0,0,0,0,1,-1,1,0,0,0,1,1,0,0,1,0,0,1,0,0,0,0,0,0,0,0,0,0,1,0,0,0,1,0,1,0,0,0,0,-1,0,0,0
nX5PkXWIjtieOdmWKSQA7w,http://www.crepeaway.com/,4.0,0,0,0,0,0,0,0,0,0,1,0,0,0,0,0,0,0,0,1,0,0,0,1,1,0,1,0,0,1,1,0,1,0,0,1,0,0,0,0,0,0,0,-1,-1,0,0,0,0,1,1,0,0,1,0,0,1,0,1,0,1,0,0,0,1,0,0,1,0,0,0,1,1,1,0,0,0,0,-1,0,0,1
5WuNUaWOpw2uuWv1GDUUdg,http://www.rinconcitocafe.com,4.0,0,0,0,1,1,0,0,0,0,0,0,0,0,0,0,0,0,0,1,0,0,0,1,1,0,0,0,0,-1,1,0,1,0,0,0,0,0,0,0,0,0,0,1,0,-1,0,0,0,1,1,0,0,1,0,0,1,1,0,0,0,0,0,1,-1,0,0,0,0,0,0,0,1,1,0,0,0,0,-1,0,0,0
lczDAnc1Sh3zCMOkTy45lQ,https://www.yelp.com/biz/sunrise-cafe-washington?adjust_creative=zQXigI7LgZAT12wMOc08kg&utm_campaign=yelp_api_v3&utm_medium=api_v3_business_search&utm_source=zQXigI7LgZAT12wMOc08kg,4.0,0,0,1,0,0,0,0,0,0,0,0,0,0,1,0,0,0,0,1,0,0,0,0,1,0,0,0,0,-1,1,0,1,0,0,0,0,0,0,0,0,0,0,1,-1,1,0,0,0,1,1,0,0,1,0,1,0,0,0,0,0,0,0,0,-1,0,0,0,0,0,0,0,1,0,0,0,0,0,0,0,0,0
SQfqoXHCbxQ3csJCEckZnw,http://thesimplegreek.com,4.0,0,0,0,0,0,0,0,0,0,0,0,0,0,1,0,0,0,0,1,0,0,0,1,1,0,1,0,0,1,1,0,1,0,0,1,0,0,0,0,0,0,0,-1,-1,-1,0,0,0,1,0,0,0,0,0,0,1,0,1,0,0,0,0,0,1,0,0,0,0,0,0,1,0,0,0,0,0,0,0,0,0,0
MVP0Mta7rmF-Nbc1cIyIrQ,https://www.falafelshop.com,4.5,1,0,0,0,0,0,0,0,0,0,0,0,0,0,0,0,0,0,1,0,0,0,1,1,0,1,0,0,-1,1,0,1,0,0,0,0,0,0,0,0,0,0,-1,-1,1,0,0,0,1,1,0,0,1,0,0,1,1,0,0,1,0,0,0,1,0,0,1,0,0,0,-1,1,1,0,0,0,0,1,1,0,1
NknM2h8pYUhoCw8MLWkeYw,https://www.ala-dc.com/coffee,4.5,0,0,0,0,0,0,0,0,0,0,0,0,0,0,0,0,0,0,1,0,0,0,0,0,0,0,0,0,0,0,1,1,0,0,1,0,0,0,0,0,0,0,-1,1,1,0,0,0,1,0,0,0,0,0,0,0,0,0,0,0,0,0,0,1,1,1,1,1,0,1,1,0,0,0,0,0,0,1,1,0,1
o9ayRcEwrAIXf6vbybt7Mw,http://astrodoughnuts.com/,4.0,0,0,1,0,0,0,0,0,0,0,0,0,0,0,0,0,0,0,1,0,0,0,1,1,0,1,0,0,-1,1,1,1,0,0,0,0,0,0,0,0,0,0,1,-1,1,0,0,0,1,1,0,0,0,1,1,1,0,0,0,0,0,0,0,1,1,0,0,0,0,0,1,0,0,0,0,0,0,1,0,0,0
CXqby-hgJGYkIf9vs72JSg,http://www.bandittacodc.com,4.0,0,0,0,1,0,0,0,0,0,0,0,0,0,0,0,0,0,0,1,0,0,0,1,1,0,1,0,0,1,1,0,1,0,0,1,0,0,0,0,0,0,0,-1,-1,1,0,0,0,1,1,0,0,1,0,0,1,1,0,0,0,1,0,0,1,0,0,1,0,0,0,1,1,1,0,0,0,0,1,0,1,1
h3rbjxBtmDk_2KUi5X4fkQ,http://www.oohdatchicken.com,4.0,0,0,1,0,0,0,0,0,0,0,0,0,0,0,0,0,0,0,1,0,0,0,0,0,0,0,0,0,1,1,0,0,0,0,0,0,0,0,0,0,0,0,1,-1,1,0,0,0,1,0,0,0,1,0,0,1,1,0,0,0,0,0,0,0,0,0,1,0,0,0,1,0,0,0,0,0,0,0,0,0,0
XAhMSInnFj4jqNPKdiE0rw,http://www.jettiesdc.com/www/,4.0,0,0,0,0,0,0,0,0,0,0,0,0,0,0,0,0,0,0,1,0,0,0,1,1,0,1,0,0,1,1,0,1,0,0,0,0,0,0,0,0,0,0,-1,0,1,0,0,0,1,1,0,0,1,0,0,1,0,0,0,0,0,0,0,1,0,0,0,0,0,0,0,0,0,0,0,0,0,0,0,0,1
OqzCP4G8h-NQ3W6sABz8kw,http://www.dcpizzaonline.com,4.5,0,0,0,0,0,1,0,0,0,0,0,0,0,0,0,0,0,0,1,0,0,0,1,1,0,0,0,0,1,1,0,1,0,0,0,0,0,0,0,0,0,0,-1,-1,1,0,0,0,1,1,0,0,1,0,0,1,0,0,0,0,0,0,0,1,0,0,1,0,0,0,1,1,0,0,0,0,0,0,0,0,1
BegXEli1c1Ja_APN7gLagg,https://bibibop.com,4.0,0,0,0,0,0,0,1,1,1,0,0,0,0,0,0,0,0,1,1,0,0,0,1,1,0,0,0,0,1,1,0,1,0,0,0,0,0,0,0,0,0,0,-1,-1,-1,0,0,0,1,1,0,0,1,0,0,1,1,0,0,0,0,0,0,1,0,0,1,0,0,0,1,1,0,0,0,0,0,-1,0,0,1
t1jKpbpevaneiPPeYHdQoA,http://districttaco.com,3.5,0,0,0,1,0,0,0,0,0,0,0,0,0,0,0,0,0,0,1,0,0,0,1,1,0,1,0,0,1,1,0,1,0,0,1,0,0,0,0,0,0,0,-1,-1,-1,0,0,0,1,1,0,0,1,0,0,1,1,0,0,0,0,0,0,1,0,0,1,0,0,0,1,1,1,0,1,0,0,-1,0,1,1
HCbpbBUl3n5cApIzC8ODBg,http://www.thewelldressedburri…,4.0,0,0,1,1,0,0,0,0,0,0,0,0,0,0,0,0,0,0,1,0,0,0,1,1,0,1,0,0,-1,-1,0,1,0,0,0,0,0,0,0,0,0,0,-1,-1,1,0,0,0,1,1,0,0,1,0,0,1,0,0,0,0,0,1,0,1,0,0,1,0,0,0,-1,1,0,0,0,0,0,0,0,0,0
RlVQcyODytG0XUvv4fZlXg,http://www.bayoubakeryva.com/,3.5,0,0,0,0,0,0,0,0,0,0,0,0,0,0,0,0,0,0,1,0,0,0,0,1,0,1,0,0,1,1,1,1,0,1,1,0,0,0,0,0,0,0,1,0,1,0,1,0,1,1,0,0,1,0,1,1,0,0,1,0,0,0,1,1,0,0,0,0,0,0,1,1,0,1,0,0,0,-1,0,0,1
XtzYoWiKUB64aQ6RHYaz8Q,http://bagelsetc.net/,4.5,0,0,0,0,0,0,0,0,0,0,0,0,0,0,0,0,0,0,1,0,0,0,0,1,0,0,0,0,-1,1,0,1,0,0,0,0,0,0,0,0,0,0,1,-1,1,0,0,0,1,1,0,0,1,0,1,1,0,0,0,0,0,0,0,-1,1,0,1,0,0,0,0,1,1,0,0,0,0,-1,0,0,1
VRMkKYe78f_PNzdUhuxHMg,http://www.wingos.com/,4.0,0,0,1,0,0,0,0,0,0,0,0,0,0,0,0,0,0,0,1,0,0,0,1,1,0,1,0,0,1,1,0,1,0,0,0,0,0,0,0,0,0,0,-1,0,1,0,0,0,1,1,0,0,1,0,0,1,1,0,0,1,0,0,0,1,0,0,0,0,0,0,0,0,1,0,0,0,0,0,0,0,0
OT8wFyVU7SntkfS-gvTGqw,https://cava.com,4.0,0,0,0,0,0,0,0,0,0,0,0,0,0,1,0,0,0,0,1,0,0,0,0,0,0,0,0,0,0,1,0,0,0,0,0,0,0,0,0,0,0,0,1,-1,1,0,0,0,0,0,0,0,1,0,0,1,0,0,0,0,0,0,0,0,0,0,0,0,0,0,0,1,0,0,0,0,0,0,0,0,0
Pmx3C5fCik2ugHrSn-A5SA,https://www.yelp.com/biz/sos-your-mom-washington?adjust_creative=zQXigI7LgZAT12wMOc08kg&utm_campaign=yelp_api_v3&utm_medium=api_v3_business_search&utm_source=zQXigI7LgZAT12wMOc08kg,4.0,0,0,1,0,0,0,0,0,0,0,0,0,0,0,0,0,0,0,1,0,0,0,0,1,0,0,0,0,-1,1,0,1,0,0,0,0,0,0,0,0,0,0,1,0,1,0,0,0,1,1,0,0,1,0,1,1,0,0,0,0,0,0,0,1,0,0,1,0,0,0,0,0,0,0,0,0,0,-1,0,0,0
8HajtFt050QbFINs-RxqYg,http://www.captaincookiedc.com…,3.5,0,0,0,0,0,0,0,0,0,0,0,0,0,0,0,0,0,0,1,0,0,0,1,1,0,1,0,0,1,1,0,1,0,0,0,0,0,0,0,0,0,0,-1,-1,-1,0,0,0,1,1,0,0,1,0,0,0,0,1,0,0,0,0,0,1,0,0,1,0,0,0,1,1,0,0,0,0,0,-1,0,0,0
NzFNtnlxyifE3MPTB0kupA,https://www.yelp.com/biz/universal-doughnuts-washington?adjust_creative=zQXigI7LgZAT12wMOc08kg&utm_campaign=yelp_api_v3&utm_medium=api_v3_business_search&utm_source=zQXigI7LgZAT12wMOc08kg,4.0,0,0,0,0,0,0,0,0,0,0,0,0,0,0,0,0,0,0,1,0,0,0,0,1,0,0,0,0,-1,1,1,1,0,0,1,0,0,0,0,0,0,0,1,0,-1,0,1,0,-1,1,0,0,0,1,0,0,0,0,0,0,0,0,0,-1,0,0,0,0,0,0,0,0,0,0,0,0,0,0,0,0,0
PIop7Ox848wpx7jirfnX9w,https://www.districttaco.com,3.5,0,0,0,1,0,0,0,0,0,0,0,0,0,0,0,0,0,0,1,0,0,0,1,1,0,1,0,0,1,1,0,1,0,0,1,0,0,0,0,0,0,0,0,0,1,0,0,0,1,1,0,0,1,0,0,1,1,0,0,0,0,0,0,1,0,0,1,0,0,0,1,1,1,0,0,0,0,-1,0,1,1
iS-zhpwm4SY5odCyp4NLsw,http://www.1fish2fish-dc.com,3.0,0,0,0,0,0,0,1,1,0,0,0,0,0,0,0,0,0,0,1,0,0,0,1,1,0,0,0,0,1,1,0,1,0,0,1,0,0,0,0,0,0,0,-1,0,-1,0,0,0,1,1,0,0,1,0,0,1,0,0,0,0,0,0,0,-1,0,0,0,0,0,0,0,1,1,0,0,0,0,0,0,0,1
oxWoUYQ_lGFwwUl0GWlh9w,https://www.yelp.com/biz/prego-again-washington?adjust_creative=zQXigI7LgZAT12wMOc08kg&utm_campaign=yelp_api_v3&utm_medium=api_v3_business_search&utm_source=zQXigI7LgZAT12wMOc08kg,4.0,0,0,1,0,0,0,0,0,0,0,0,0,0,0,0,0,0,0,1,0,0,0,1,1,0,0,0,0,1,1,0,1,0,0,0,0,0,0,0,0,0,0,1,0,1,0,0,0,0,1,0,0,0,1,0,0,0,0,0,0,0,0,0,-1,0,0,0,0,0,0,0,0,0,0,0,0,0,0,0,0,0
odvIEE5vX2rb7bvF0B2EOA,http://pottershousedc.org/,4.0,0,0,0,0,0,0,0,0,0,0,0,0,0,0,0,0,0,0,1,0,0,0,1,1,0,0,0,1,1,1,0,1,0,0,1,0,0,0,0,0,0,0,-1,-1,1,0,1,0,1,1,0,0,1,0,1,1,0,0,0,0,0,0,0,1,0,0,1,0,0,1,1,1,0,0,0,0,0,1,0,0,1
V65fp9Ihx8ej_QDS0pJz4Q,http://www.wisemillersgroceryd…,4.0,0,0,1,0,0,0,0,0,0,0,0,0,0,0,0,0,0,0,1,0,0,0,1,1,0,1,0,0,-1,1,0,1,0,0,0,0,0,0,0,0,0,0,-1,-1,-1,0,0,0,1,1,0,0,1,0,0,1,0,0,0,0,0,0,0,1,0,0,1,0,0,0,1,0,0,0,0,0,0,-1,0,0,0
n8iAKpI7T0HFGSo0NbD09A,https://www.potbelly.com,3.5,0,0,1,0,0,0,0,0,0,0,0,0,0,0,0,0,0,0,1,0,0,0,1,1,0,0,0,0,1,1,0,1,0,0,1,0,0,0,0,0,0,0,-1,0,1,0,0,0,1,1,0,0,1,0,0,1,0,0,0,0,0,0,0,1,0,0,1,0,0,0,0,0,0,0,0,0,0,0,0,0,1
dnQY7gwo1kPTaTEKP0Hs5w,http://www.booeymonger.com/,4.0,0,0,1,0,0,0,0,0,0,0,0,0,0,0,0,0,0,0,1,0,0,0,1,1,0,0,0,0,1,1,0,1,0,0,1,0,0,0,0,0,0,0,1,-1,1,0,0,0,1,1,0,0,1,0,1,1,0,0,0,0,0,0,0,1,0,0,1,0,0,0,1,0,0,0,0,0,0,-1,0,0,1
2IWHvHJvEzF2DK8xbjBLoQ,http://www.wawa.com,4.0,0,0,0,0,0,0,0,0,0,0,0,0,0,0,0,0,0,0,1,0,0,0,1,1,0,0,0,0,1,1,1,1,0,0,1,0,0,0,0,0,0,0,1,-1,1,0,0,0,1,0,0,0,1,0,0,0,0,0,0,0,0,0,0,-1,0,0,1,0,0,0,0,0,0,0,0,0,0,-1,0,0,0
KqpsIs7g7dsySTZK_hmL7Q,http://www.vaceitaliandeli.com…,4.0,0,0,1,0,0,1,0,0,0,0,0,0,0,0,0,0,0,0,1,0,0,0,0,1,0,0,0,0,-1,1,0,1,0,0,0,0,0,0,0,0,0,0,1,0,-1,0,0,0,1,1,0,0,1,0,0,1,1,0,0,0,0,0,0,1,0,0,1,0,0,0,1,0,0,0,0,0,0,0,0,0,0
KAKHs77M4Ie3NpPBVZ8f9A,http://tortas-y-tacos-la-chiqu…,4.5,0,0,0,1,0,0,0,0,0,0,0,0,0,0,0,0,0,0,1,0,0,0,1,1,0,0,0,0,1,1,0,1,0,0,0,0,0,0,0,0,0,0,-1,-1,0,0,0,0,1,1,0,0,1,0,0,1,1,1,0,0,0,0,0,1,0,0,1,0,0,0,1,1,1,0,0,0,0,-1,0,0,0
_LHcACejIAPbslC5HMDuqQ,http://erciliasrestaurantwashi…,4.0,0,0,0,0,1,0,0,0,0,0,0,0,0,0,0,0,0,0,1,0,0,0,0,1,0,1,0,0,1,1,0,1,0,0,0,0,0,0,0,0,0,0,1,0,-1,0,0,0,1,1,0,0,1,0,0,1,1,0,0,0,0,0,0,1,0,0,0,0,0,0,0,0,0,0,0,0,0,0,0,0,1
3ryC78wzptut8zSxtiawjQ,https://www.yelp.com/biz/cafe-cantina-washington?adjust_creative=zQXigI7LgZAT12wMOc08kg&utm_campaign=yelp_api_v3&utm_medium=api_v3_business_search&utm_source=zQXigI7LgZAT12wMOc08kg,3.0,0,0,0,1,0,1,0,0,0,0,0,0,0,0,0,0,0,0,1,0,0,0,0,1,0,1,0,0,-1,1,0,0,0,0,0,0,0,0,0,0,0,0,1,0,1,0,0,0,-1,0,0,0,1,0,0,0,0,0,0,0,0,0,0,0,0,0,0,0,0,0,0,0,0,0,0,0,0,0,0,0,0
2aI5hO7hBotYjNZIiI1FdQ,http://www.yums2carryout.com,3.0,0,0,1,0,0,0,1,0,0,0,0,0,0,0,0,0,0,0,1,0,0,0,1,1,0,1,0,0,-1,-1,0,1,0,0,0,0,0,0,0,0,0,0,1,-1,-1,0,0,0,-1,0,0,0,1,0,0,1,1,0,0,1,0,0,0,-1,0,0,0,0,0,0,1,0,0,0,0,0,0,-1,0,0,0
5rd1LhT-DkpBWKw08czGIg,http://falafelinc.org,4.5,1,0,0,0,0,0,0,0,0,0,0,0,0,0,0,0,0,0,1,0,0,0,0,1,0,1,0,0,1,0,0,0,0,0,0,0,0,0,0,0,0,0,1,-1,1,0,0,0,0,1,0,0,1,0,0,0,1,0,0,0,1,0,0,0,0,0,1,0,0,0,0,1,1,0,0,0,0,0,0,0,0
QwhgdLy-EzD3THRmI2jhag,http://www.picatacos.com,4.0,0,0,0,1,0,0,0,0,0,0,0,0,0,0,0,0,0,0,1,0,0,0,1,1,0,0,0,0,1,1,0,1,0,0,1,0,0,0,0,0,0,0,1,0,0,0,0,0,1,1,0,0,1,0,0,1,1,0,0,0,0,0,0,-1,0,0,0,0,0,0,0,0,0,0,0,0,0,0,0,0,1
EQrHI0M9J5t3higxj5_2Rw,https://www.yelp.com/biz/dupont-market-washington?adjust_creative=zQXigI7LgZAT12wMOc08kg&utm_campaign=yelp_api_v3&utm_medium=api_v3_business_search&utm_source=zQXigI7LgZAT12wMOc08kg,4.0,0,0,1,0,0,0,0,0,0,0,0,0,0,0,0,0,0,0,1,0,0,0,1,1,0,0,0,0,-1,1,0,1,0,0,0,0,0,0,0,0,0,0,-1,0,1,0,0,0,1,1,0,0,1,0,0,1,0,0,0,0,0,0,0,1,0,0,0,0,0,0,0,0,0,0,0,0,0,0,0,0,0
LhkEr5xA-VvFKfXhv_teUw,http://www.dupontpizzadc.com,3.5,0,0,0,0,0,1,0,0,0,0,0,0,0,0,0,0,0,0,1,0,0,0,1,1,0,0,0,0,1,1,0,1,0,0,1,0,0,0,0,0,0,0,1,0,-1,0,0,0,1,1,0,0,0,1,0,0,0,0,0,1,0,0,0,1,0,0,0,0,0,0,0,0,0,0,0,0,0,0,0,0,1
VA8aPObRynlwR1TGzbzraQ,https://www.wearefoundingfarme…,4.0,0,0,1,0,0,0,0,0,0,0,0,0,0,0,0,0,0,0,0,1,0,0,1,1,0,1,0,0,1,1,1,1,0,0,1,0,0,0,0,0,0,0,1,1,1,0,-1,0,1,0,0,0,1,0,0,0,1,0,1,0,1,0,1,1,1,1,1,0,0,1,1,1,0,0,0,0,0,-1,0,0,1
sxNUpaApjh_54-l9RcJRDA,http://www.farmersfishersbaker…,4.0,0,0,1,0,0,0,0,0,0,0,0,0,0,0,0,0,0,0,0,1,0,0,1,1,0,1,0,0,1,1,1,1,0,0,1,0,0,0,0,0,0,0,1,1,1,0,0,0,1,1,0,0,1,0,0,0,0,0,1,0,0,0,1,1,0,1,1,0,0,1,1,1,1,0,0,0,0,1,0,0,0
9X0F8gl4mPSSFHkxSB2lXA,http://www.ilcanale.com/,4.5,0,0,0,0,0,1,0,0,0,0,0,0,0,0,0,0,0,0,0,1,0,0,1,1,1,0,0,0,1,1,0,1,0,0,1,0,0,0,0,0,0,0,1,1,1,0,0,0,1,1,0,0,1,0,0,1,1,1,0,0,0,0,1,-1,1,1,1,1,0,1,1,1,1,0,0,0,0,1,0,0,1
cHvf3L4NAklSE4j9agOkHQ,http://www.astoriadc.com,4.5,0,0,0,0,0,0,1,0,0,0,0,0,0,0,0,0,0,0,0,1,0,0,0,0,0,1,0,0,-1,0,0,1,0,0,1,0,0,0,0,0,1,0,-1,1,1,-1,0,-1,-1,1,0,0,1,0,0,0,1,0,0,0,0,0,1,-1,0,1,0,0,0,0,1,1,1,0,1,0,0,1,0,0,1
VlDWu_ftKpLmWoC0x7x1dA,https://piscoynazca.com,4.5,0,0,0,0,1,0,0,0,0,0,0,0,0,0,0,0,0,0,0,1,0,0,1,1,0,1,0,0,1,-1,1,1,0,0,1,1,0,1,1,0,0,0,-1,1,1,-1,0,-1,0,1,0,0,1,0,0,0,1,0,1,0,1,0,1,1,1,1,0,0,0,1,1,1,1,0,0,0,0,-1,0,0,0
kVCCVqIikApTuD_SGHBwHg,http://unconventionaldiner.com,4.5,0,0,1,0,0,0,0,0,0,0,0,0,0,0,0,0,0,0,0,1,0,0,1,1,0,1,0,1,1,1,0,1,0,0,1,0,0,0,0,0,0,0,1,1,1,0,0,0,1,1,0,0,1,0,1,1,1,1,1,0,1,0,1,1,0,0,1,0,0,0,1,1,1,0,0,0,0,-1,0,0,1
aZUrwzRbkkNPm8_JDWXkDQ,http://theadmiraldc.com,4.5,0,0,1,0,0,0,0,0,0,0,0,0,0,0,0,0,0,0,0,1,0,0,0,1,0,0,0,0,1,0,1,1,0,0,1,0,0,0,0,0,1,0,1,1,1,0,0,1,1,1,0,0,0,0,0,0,0,0,0,1,1,0,1,1,0,0,0,0,0,0,1,0,0,0,0,0,0,1,0,0,1
30PcKI8-eYijw4hn-ypUIg,https://www.libertedc.com,4.0,0,0,0,0,0,0,0,0,0,1,0,0,0,0,0,0,0,0,0,1,0,0,0,1,0,1,0,0,1,0,0,1,0,0,1,0,0,0,0,0,0,0,1,1,1,0,0,0,1,1,0,0,0,0,0,1,1,1,1,0,0,0,1,1,0,1,1,0,0,0,1,1,1,0,0,0,0,-1,0,0,1
9yIWxgK6JJ9uo0ix9PDdIg,http://residentsdc.com,4.5,0,0,1,0,0,0,0,0,0,0,0,0,0,0,0,0,0,0,0,1,0,0,1,1,0,1,0,0,1,0,0,1,0,0,1,0,0,0,0,0,1,0,-1,1,1,0,0,-1,1,1,0,0,1,0,0,0,1,0,0,0,0,0,1,1,0,0,0,1,0,0,1,1,0,0,0,0,0,1,0,0,1
iyBbcXtQSBfiwFQZwVBNaQ,https://www.ebbitt.com,4.0,0,0,1,0,0,0,0,0,0,0,0,0,0,0,0,0,0,0,0,1,0,0,1,1,0,1,0,0,1,1,0,1,0,0,1,0,0,0,1,1,1,0,1,1,-1,-1,0,0,1,0,0,0,1,0,0,1,1,0,0,0,0,0,1,-1,0,1,0,0,0,1,1,1,1,0,0,0,0,-1,0,0,0
TIIRt0r54hNEYoKJ1v7ccA,http://chikodc.com,4.5,0,0,0,0,0,0,1,0,1,0,0,0,0,0,0,0,0,0,0,1,0,0,1,1,0,0,0,1,1,0,0,1,0,0,0,0,0,0,0,0,0,0,1,1,-1,0,0,0,0,1,0,0,1,0,0,0,1,0,1,0,1,0,0,1,0,0,0,0,0,0,0,1,1,0,0,0,0,-1,0,0,1
g5K7gQLArdpXYqbw1yAFHw,http://maydandc.com,4.5,1,1,0,0,0,0,0,0,0,0,0,0,0,0,0,0,0,0,0,1,0,0,0,1,0,1,1,0,1,-1,0,1,0,0,0,0,0,0,0,0,0,0,-1,1,1,0,0,0,-1,1,1,0,0,0,0,0,1,0,0,0,1,0,1,-1,0,0,0,0,0,0,0,1,1,0,1,0,0,-1,0,0,1
JRMBqM82xzMgDfAYRK9wSA,http://www.tigerforkdc.com,4.0,0,0,0,0,0,0,1,0,0,0,0,0,0,0,0,0,0,0,0,1,0,0,0,1,0,1,0,1,1,-1,0,1,0,0,1,0,0,0,1,1,1,0,-1,1,1,-1,0,-1,1,1,0,0,1,0,0,0,1,0,0,0,1,0,1,-1,0,0,1,0,0,0,1,1,1,0,0,0,0,-1,0,0,1
eV_87BqGbpvTqUwjOgQO5g,http://rerengeorgetown.com,4.0,0,0,0,0,0,0,1,1,1,0,0,0,0,0,0,0,0,0,0,1,0,0,1,1,0,0,0,1,1,0,0,1,0,0,1,0,0,0,0,0,0,0,-1,1,1,0,0,0,0,1,0,0,0,0,0,0,1,0,0,0,1,0,1,1,0,0,1,1,0,0,-1,1,1,0,0,0,0,1,0,0,1
hVCsh_MknDIYoBU9kscMZw,https://www.propersocial.com,4.0,0,0,1,0,0,0,0,0,0,0,0,0,0,0,0,0,0,0,0,1,0,0,1,1,0,1,0,0,1,0,0,1,0,0,1,0,0,0,0,0,0,0,1,1,1,0,0,-1,1,0,0,0,1,0,0,0,0,0,0,0,0,0,1,1,0,0,1,0,0,0,1,1,0,0,0,0,0,1,0,1,0
IMUlQlXTqgsWTUZLifuRZQ,http://www.clydes.com/,4.0,0,0,1,0,0,0,0,0,0,0,0,0,0,0,0,0,0,0,0,1,0,0,1,1,0,1,0,0,1,1,1,1,0,0,1,0,0,0,1,1,1,0,1,0,0,-1,0,0,1,1,0,0,1,0,0,1,1,0,0,0,0,0,1,-1,0,1,0,0,0,0,0,1,1,0,0,0,0,-1,0,0,0
Qt14DkOz6QNb6HoUdBguXw,https://www.anjurestaurant.com,4.0,0,0,0,0,0,0,0,0,1,0,0,0,0,0,0,0,0,0,0,1,0,0,1,1,0,1,0,0,1,0,0,1,0,0,0,0,0,0,0,0,0,0,0,1,1,0,0,0,0,1,1,0,1,0,0,0,1,0,0,0,1,0,1,1,0,0,1,0,0,0,1,1,1,0,1,0,0,-1,0,0,1
6Qhmt1jo7BMcFcp41fPFVg,https://www.thehamiltondc.com,4.0,0,0,1,0,0,0,0,0,0,0,0,0,0,0,0,0,0,0,0,1,0,0,1,1,0,1,0,0,1,1,0,1,0,1,1,0,0,0,0,1,1,1,1,0,0,-1,0,0,1,1,0,0,1,0,0,0,1,0,0,0,0,0,1,-1,0,0,0,0,0,0,0,1,1,0,0,0,0,-1,0,0,0
hZ6Bk6thWcFGNRIYwH076A,http://retrobottegadc.com,4.5,0,0,0,0,0,1,0,0,0,0,0,0,0,0,0,1,0,0,0,1,0,0,1,1,0,1,0,0,1,0,0,1,0,0,1,0,0,0,0,0,0,0,-1,1,1,0,0,0,0,1,1,0,1,0,0,0,1,0,0,0,1,0,1,1,0,0,1,0,0,0,1,0,1,0,0,0,0,-1,0,0,1
jlOW8Wd7rOJgaEA_SDLmdA,http://donburidc.com,4.0,0,0,0,0,0,0,0,1,0,0,0,0,0,0,0,0,0,0,0,1,0,0,0,1,0,1,0,1,1,1,0,1,0,0,0,0,0,0,0,0,0,0,-1,-1,-1,0,0,0,-1,1,0,0,1,0,0,1,1,0,0,0,1,0,0,0,0,0,0,0,0,0,0,0,1,0,0,0,0,0,0,0,0
FXdIxIb0dXRnltRW10il_Q,https://www.mercymedc.com,4.0,0,0,1,0,0,0,0,0,0,0,0,0,0,0,0,0,0,0,0,1,0,0,0,0,0,1,0,0,1,0,1,1,1,0,1,0,0,1,0,1,0,0,-1,1,1,0,0,-1,1,0,0,0,1,0,0,0,1,0,0,0,0,0,1,-1,0,0,0,0,0,1,1,1,0,0,0,0,0,1,0,0,0
gLCGsMhmAOJ0ak8qawkUhg,https://www.dahongpaodc.com,4.0,0,0,0,0,0,0,1,0,0,0,0,0,0,0,0,0,0,0,0,1,0,0,0,1,0,1,0,0,1,1,1,1,0,0,1,0,0,0,0,0,0,0,1,1,1,0,0,0,1,1,0,0,1,0,0,1,1,0,1,0,0,0,1,1,0,1,1,0,0,0,1,1,1,0,1,0,0,-1,0,0,0
5WX1benO3KDw9SYLnQqErQ,https://www.chefgeoff.com,4.0,0,0,1,0,0,0,0,0,0,0,0,0,0,0,0,0,0,0,0,1,0,0,0,1,0,0,0,0,1,1,1,-1,0,0,1,0,0,0,0,0,0,0,1,1,1,0,0,0,0,1,0,0,1,0,0,0,1,0,0,0,0,0,1,1,0,0,1,0,0,0,1,1,0,0,0,0,0,0,0,0,0
hvtH8uV4-jpm1Ki6c72XWw,http://www.thesovereigndc.com,4.0,0,0,0,0,0,0,0,0,0,0,0,1,0,0,0,0,0,0,0,1,0,0,0,1,0,1,0,0,1,1,0,1,0,0,1,0,0,0,1,1,1,0,1,1,-1,-1,0,-1,-1,0,0,0,1,0,0,0,1,0,0,0,1,0,1,-1,0,1,1,0,0,0,1,1,1,0,0,0,0,-1,0,0,1
8pWrgtRGn4BqcOWb8ExxcA,https://boqueriarestaurant.com,4.5,0,0,0,0,0,0,0,0,0,0,0,0,0,0,0,1,0,0,0,1,0,0,1,1,0,1,0,0,1,0,0,1,0,0,1,0,0,0,0,0,0,0,-1,1,1,0,0,0,0,0,0,0,1,0,0,0,1,1,1,0,0,0,1,0,0,1,0,1,0,0,1,1,1,0,1,0,0,-1,0,0,1
bdRDMuU5MsWkwP0w0R4pPQ,https://www.northitalia.com,4.0,0,0,0,0,0,1,0,0,0,0,0,0,0,0,0,0,0,0,0,1,0,0,0,1,0,1,0,0,1,1,1,1,0,0,1,0,0,0,0,0,0,1,1,1,1,0,0,0,0,1,0,0,1,0,0,0,1,0,0,0,0,0,1,0,0,0,0,0,0,0,0,1,1,0,0,0,0,-1,0,0,0
xmVrPFMaJ5ko3o1wxjnIZg,https://www.yelp.com/biz/han-palace-washington-2?adjust_creative=zQXigI7LgZAT12wMOc08kg&utm_campaign=yelp_api_v3&utm_medium=api_v3_business_search&utm_source=zQXigI7LgZAT12wMOc08kg,4.0,0,0,0,0,0,0,1,0,0,0,0,0,0,0,0,0,0,0,0,1,0,0,1,0,0,0,0,0,1,0,0,0,0,0,0,0,0,0,0,0,0,0,0,1,1,0,0,0,0,1,0,0,0,0,0,0,0,0,0,0,0,0,1,0,0,1,0,0,0,0,0,0,1,0,0,0,0,0,0,0,0
YuwheHAbE4mZRJEbcuBwFw,http://www.circabistros.com,4.0,0,0,1,0,0,0,0,0,0,0,0,0,0,0,0,0,0,0,0,1,0,0,0,1,0,1,0,0,1,1,1,1,0,0,0,0,0,0,0,0,0,0,1,1,1,0,0,0,1,0,0,0,1,0,0,0,1,0,0,0,1,0,1,-1,0,1,0,0,0,0,1,1,1,0,0,0,0,-1,0,0,0
CVTkOGy_SLTGQuUhbrF1Rg,https://susheriadc.com,4.0,0,0,0,0,1,0,0,1,0,0,0,0,0,0,0,0,0,0,0,1,0,0,1,1,0,1,0,0,1,0,1,1,0,0,1,0,0,0,0,0,0,0,1,1,-1,0,0,0,1,1,0,0,1,0,0,0,1,0,0,0,0,0,1,1,0,0,1,0,0,0,1,1,1,0,0,0,0,-1,0,0,1
9uuDSvj9b7ntCq0ETuizzg,http://www.bistrotducoin.com,4.0,0,0,0,0,0,0,0,0,0,1,0,0,0,0,0,0,0,0,0,1,0,0,1,1,1,1,0,0,1,-1,0,1,0,0,0,0,0,0,0,0,0,0,-1,1,-1,0,0,0,1,1,0,0,1,0,0,0,1,0,0,0,0,0,1,-1,0,1,1,1,0,1,1,0,0,0,0,0,0,1,0,0,0
UdOHrJjqGzdpOUURMrKKtQ,http://www.soi38dc.com/,4.0,0,0,0,0,0,0,0,0,1,0,0,0,0,0,0,0,0,0,0,1,0,0,1,1,0,1,0,0,1,1,0,1,0,0,1,0,0,0,0,0,0,0,1,1,1,0,0,0,1,0,0,0,1,0,0,1,1,0,0,0,1,0,1,1,0,0,0,0,0,0,1,1,1,0,0,0,0,-1,0,0,1
axeT144_-6Z4Hui-lDbAUQ,http://thesmithrestaurant.com,4.0,0,0,1,0,0,0,0,0,0,0,0,0,0,0,0,0,0,0,0,1,0,0,1,1,0,1,0,0,1,1,0,1,0,0,1,0,1,0,1,1,0,0,-1,1,1,-1,0,-1,-1,1,0,0,1,0,0,1,1,0,1,0,1,0,1,1,0,1,1,0,0,0,1,1,1,0,0,0,0,-1,0,0,0
HSq6bOpHrwU3ZMS7g7v8EA,http://www.guaposrestaurant.co…,3.5,0,0,1,1,1,0,0,0,0,0,0,0,0,0,0,0,0,0,0,1,0,0,1,1,0,0,0,0,1,1,1,0,0,0,1,0,0,0,0,0,0,0,1,1,1,0,0,0,0,1,0,0,1,0,0,0,1,0,0,0,0,0,1,1,0,0,1,0,0,0,1,1,1,0,0,0,0,-1,0,0,0
k8I6z5B28dxWxSCziSIo3Q,http://acrosstheponddc.com,4.5,0,0,1,0,0,0,0,0,0,0,0,0,0,0,0,0,0,0,0,1,0,0,1,0,0,0,0,0,1,-1,0,1,0,0,1,0,0,1,1,1,0,0,1,1,1,-1,0,-1,1,1,0,0,1,0,0,1,1,0,1,1,0,0,1,1,0,0,1,1,0,0,1,0,1,0,0,0,0,-1,0,0,1
yGtVMXp1ESE-m8ECcK-3LQ,http://bandoolabowl.com,5.0,0,0,0,0,0,0,0,0,0,0,1,0,0,0,0,0,0,0,0,1,0,0,1,1,0,1,0,0,0,0,0,0,0,0,1,0,0,0,0,0,0,0,-1,-1,0,0,0,0,-1,0,0,0,0,1,0,0,1,0,0,0,0,0,0,0,0,0,1,0,0,0,-1,1,0,0,0,0,0,-1,0,0,1
DAZ5EXSUzsV8Zkc6rcGYKg,http://openroadgrill.com,4.5,0,0,1,0,0,0,0,0,0,0,0,0,0,0,0,0,0,0,0,1,0,0,0,1,0,0,0,0,0,0,1,1,0,0,1,0,0,0,0,0,0,0,1,1,1,0,0,0,0,1,0,0,1,0,0,0,0,0,0,0,0,0,1,0,0,1,0,0,0,0,1,0,0,0,0,0,0,-1,0,0,0
ltjjaDCymcuONtiiBVTqmQ,http://www.goodstuffeatery.com,4.0,0,0,1,0,0,0,0,0,0,0,0,0,0,0,0,0,0,0,0,1,0,0,1,1,0,1,0,0,1,1,0,1,0,0,1,0,0,0,0,0,0,0,1,-1,0,0,0,0,1,1,0,0,1,0,0,1,1,0,0,0,0,0,0,-1,0,0,0,0,0,0,1,1,1,0,0,0,0,-1,0,0,1
LaDz_zmEQSQGyLvwgHSezw,http://www.missiondupont.com,4.0,0,0,0,1,0,0,0,0,0,0,0,0,0,0,0,0,0,0,0,1,0,0,0,1,0,1,0,0,1,-1,0,1,0,0,1,0,0,0,0,1,1,1,1,1,1,-1,0,-1,1,1,0,0,1,0,0,0,1,0,0,0,0,0,1,1,0,1,0,0,0,0,1,1,0,0,0,0,0,-1,0,0,1
SPWt2Gqb2-alIq78YINs-w,http://www.toryumonarlington.c…,4.5,0,0,0,0,0,0,1,1,1,0,0,0,0,0,0,0,0,0,0,1,0,0,1,1,1,0,0,0,1,0,0,1,0,0,1,0,0,0,0,0,0,0,1,1,1,0,0,0,1,1,0,0,1,0,0,0,0,0,0,0,1,0,1,1,1,1,1,0,0,1,1,1,1,0,0,0,0,1,0,0,0
SV-xggr2Lae2ERm9mJpn-g,http://www.toryumonjapanese.co…,4.0,0,0,0,0,0,0,1,1,1,0,0,0,0,0,0,0,0,0,0,1,0,0,1,1,1,0,0,0,1,1,1,1,0,0,1,0,0,0,0,0,0,0,1,1,-1,0,0,0,1,1,0,0,1,0,0,1,1,0,0,0,1,0,1,1,0,0,1,1,0,0,1,1,1,0,0,0,1,-1,0,0,0
OLQ4J3V7d6xEyL4rkcRXtg,http://www.theriverinn.com/foo…,4.0,0,0,1,0,0,0,0,0,0,0,0,0,0,0,0,0,0,0,0,1,0,0,0,1,0,1,0,0,-1,-1,0,1,1,0,0,0,0,0,0,0,0,0,1,0,-1,0,0,0,1,0,0,0,1,0,0,0,1,0,0,0,0,0,1,-1,0,0,0,0,0,0,0,0,1,0,0,0,0,0,0,0,0
8kuBHJm8Ncq7FyfT7GIIug,http://www.faintinggoatdc.com,4.0,0,0,1,0,0,0,0,0,0,0,0,0,0,0,0,0,0,0,0,1,0,0,1,1,0,1,0,0,1,-1,0,1,0,0,1,0,0,1,0,1,1,0,1,1,1,-1,0,-1,1,1,0,0,1,0,0,0,1,0,0,0,1,0,1,1,0,0,1,0,0,0,-1,1,1,0,0,0,0,-1,0,1,1
rBbRFvGBFy4gwfJyNpyHiw,http://bluefingeorgetown.com,4.0,0,0,0,0,0,0,0,1,0,0,0,0,0,0,0,0,0,0,0,1,0,0,1,1,0,0,0,0,1,-1,0,1,0,0,1,0,0,0,0,0,0,0,1,1,0,0,0,0,1,1,0,0,0,1,0,1,1,0,0,0,0,0,0,0,0,0,0,0,0,0,0,1,1,0,0,0,0,-1,0,0,1
NxGHwn3HYqqXypSs6Ix_kw,http://www.dukesgrocery.com,4.0,0,0,1,0,0,0,0,0,0,0,0,0,0,0,0,0,0,0,0,1,0,0,1,1,0,0,0,0,1,0,1,1,0,0,0,0,0,0,0,0,1,0,1,1,1,0,0,-1,1,1,0,0,1,0,0,0,0,0,0,0,1,0,1,1,0,0,1,0,0,0,1,0,1,0,0,0,0,0,0,0,1
PXKxSlP82wsqvxnkP0x6jw,http://www.hayadams.com,4.0,0,0,1,0,0,0,0,0,0,0,0,0,0,0,0,0,0,0,0,1,0,0,0,1,0,1,0,0,1,-1,0,1,1,0,1,0,0,0,1,1,1,0,1,0,0,0,0,-1,1,0,0,1,1,0,0,0,0,0,0,1,0,0,1,-1,0,0,0,0,0,0,1,0,1,0,0,0,0,-1,0,0,0
Lx9N4_5bWxfLTU3f-_8YBw,https://dumplingsbeyond.com,4.0,0,0,0,0,0,0,1,0,0,0,0,0,0,0,0,0,0,0,0,1,0,0,1,1,0,1,0,0,1,1,0,1,0,0,1,0,0,0,0,0,0,0,-1,1,0,0,0,0,1,1,0,0,1,0,0,1,1,0,0,0,0,0,1,1,0,0,1,0,0,0,-1,0,1,0,0,0,0,-1,0,0,0
94EgqS3QkCrDUtOGzvIrrA,https://www.chefmikko.com,4.5,0,0,0,0,0,0,0,0,0,0,0,1,0,0,0,0,0,0,0,1,0,0,1,1,0,1,0,0,-1,1,0,1,0,0,1,0,0,0,0,0,0,0,-1,-1,1,0,0,0,1,1,1,0,0,1,0,1,1,1,1,0,1,0,0,1,0,0,1,0,0,0,1,0,1,0,0,0,0,-1,0,0,1
z-0HVe5rSr3v2_EG127YjA,http://www.grillfishdc.com,4.0,0,0,0,0,0,0,0,0,0,0,0,0,0,0,0,0,0,0,0,1,0,0,1,1,0,1,0,0,1,1,1,1,0,0,1,0,0,0,0,0,0,0,1,1,1,0,0,0,1,1,0,0,1,0,0,0,1,0,0,0,0,0,1,-1,0,1,1,0,0,0,1,1,1,0,0,0,0,-1,0,0,1
FryMYKLij5RplQcfc7bnhA,http://www.luckybuns.com,4.0,1,0,1,0,0,0,0,0,0,0,0,0,0,0,0,0,0,0,0,1,0,0,1,1,0,0,0,1,1,-1,0,1,0,0,0,1,0,1,0,0,0,0,1,1,1,-1,0,1,1,1,0,0,1,0,0,1,1,0,0,0,1,0,1,1,0,0,1,0,0,0,1,1,1,0,0,0,0,1,0,0,1
pVRmuKGDrLqQroQTcMAv8A,https://www.marriott.com/hotel…,4.0,0,0,1,0,0,0,0,0,0,0,0,0,0,0,0,0,0,0,0,1,0,0,0,1,0,1,0,0,1,-1,0,-1,1,0,1,0,0,0,0,0,0,0,1,1,-1,0,0,0,0,0,0,0,0,0,0,0,0,0,0,0,0,0,1,-1,0,0,0,0,0,0,1,0,0,0,0,0,0,-1,0,0,0
xH-lzsOv7ZlapoPfOlWL6w,http://florianarestaurant.com,4.0,0,0,0,0,0,1,0,0,0,0,0,0,0,0,0,0,0,0,0,1,0,0,0,1,0,1,0,0,1,1,1,1,0,0,1,0,0,0,0,0,1,0,1,0,1,0,0,0,1,1,1,0,1,0,0,0,1,0,0,0,0,0,1,1,0,0,1,0,0,0,0,1,1,0,0,0,0,-1,0,0,1
32w5iRuwgv14ALBjTNSU1Q,http://www.proper21.com,4.0,0,0,1,0,0,0,0,0,0,0,0,0,0,0,0,0,0,0,0,1,0,0,1,1,0,1,1,0,1,-1,1,1,0,0,1,1,0,0,0,1,1,0,1,1,1,-1,0,-1,-1,1,0,0,0,0,0,1,1,0,0,0,1,0,1,1,0,1,0,0,0,0,1,1,1,0,1,0,0,-1,0,1,0
si_pqK5Ogi5MZdO-aN_gXw,http://www.churchkeydc.com,4.0,0,0,1,0,0,0,0,0,0,0,0,0,0,0,0,0,0,0,0,1,0,0,0,1,0,1,0,0,1,-1,0,1,0,0,0,0,0,0,1,1,1,0,1,0,0,-1,-1,0,1,1,0,0,1,0,0,0,1,0,0,1,1,0,1,-1,0,1,0,0,0,0,0,0,1,0,0,0,0,0,0,0,0
e9sqkdBvVP10SoS2sZTSdQ,http://www.nicksriversidegrill…,2.5,0,0,1,0,0,0,0,0,0,0,0,0,0,0,0,0,0,0,0,1,0,0,1,1,0,1,1,0,1,1,1,1,0,0,1,0,0,0,1,1,1,0,1,0,1,-1,0,1,1,1,0,0,0,0,0,1,1,0,0,0,0,0,1,1,0,0,1,0,0,0,0,1,1,0,0,0,0,0,0,0,0
4yWJVS4XZ6rXQu5JcOfJ3w,https://www.thegrilldc.com,4.0,0,0,1,0,0,0,0,0,0,0,0,0,0,0,0,0,0,0,0,1,0,0,1,1,0,1,0,0,1,1,1,1,1,0,1,0,0,0,0,0,0,0,1,1,1,0,0,0,1,1,1,1,1,0,0,0,1,1,1,0,1,0,1,1,0,0,0,0,0,0,1,1,0,0,0,1,0,1,0,0,0
2pL1TOXNvtrePJCwxLNgSg,https://mividamexico.com,4.0,0,0,0,1,0,0,0,0,0,0,0,0,0,0,0,0,0,0,0,1,0,0,1,1,0,1,0,0,1,1,1,1,1,1,1,0,0,0,0,0,0,0,1,1,1,0,0,0,1,1,0,1,1,0,0,1,1,1,1,1,1,0,1,1,0,0,0,0,0,0,1,1,1,0,1,0,0,1,0,0,1
1HeryeXO1djOlNK7pxjwOA,http://www.bluesalley.com,4.0,0,0,1,0,0,0,0,0,0,0,0,0,0,0,0,0,0,0,0,1,0,0,0,1,0,1,0,0,1,-1,0,1,0,0,0,0,0,0,0,1,1,1,-1,1,-1,-1,0,-1,1,1,1,0,1,0,0,0,0,0,0,1,0,0,1,-1,0,0,1,0,0,0,-1,0,1,0,0,0,0,0,0,0,0
Hsv9yqJ8lOY3hP-VeQP0EQ,http://www.surfsidedc.com,4.0,0,0,1,1,0,0,0,0,0,0,0,0,0,0,0,0,0,0,0,1,0,0,0,1,0,1,0,0,1,1,1,1,0,0,0,0,0,0,0,0,0,0,1,-1,1,0,0,0,1,1,0,0,1,0,0,1,1,0,0,1,0,0,0,1,0,0,0,0,0,1,1,1,1,0,1,0,0,1,0,0,0
E3Qj0AHTtnbRvyVojXO7IQ,http://flaviodc.com,4.0,0,0,0,0,0,1,0,0,0,0,0,0,0,0,0,0,0,0,0,1,0,0,1,1,0,1,0,0,1,1,0,1,0,0,1,0,0,0,0,1,1,1,1,1,1,-1,0,-1,1,1,0,0,1,0,0,1,1,1,0,0,1,0,1,1,0,0,1,0,0,0,1,1,1,0,0,0,0,-1,0,0,0
WTJ0tdc3_tsTmYABrfamqw,https://thaichefdc.com,4.0,0,0,0,0,0,0,0,0,1,0,0,0,0,0,0,0,0,0,0,1,0,0,0,0,0,0,0,1,1,1,0,1,0,0,1,0,0,1,0,1,0,1,1,1,-1,-1,0,-1,1,1,0,0,1,0,0,1,1,1,0,0,1,0,1,1,0,0,1,0,0,0,1,1,1,0,0,0,0,-1,0,0,0
Sd9A-WKorTYI02gRvWMNjA,https://www.thipkhao.com,4.5,0,0,0,0,0,0,0,0,1,0,0,0,0,0,0,0,0,0,0,1,0,0,0,1,0,1,0,0,1,1,0,1,0,0,0,0,0,0,0,0,0,0,-1,1,1,0,0,0,1,1,0,0,1,0,0,0,1,0,0,0,0,0,1,1,0,1,1,0,0,0,1,1,1,0,0,0,0,-1,1,0,0
H7TtoMf-RZ9eF0V2as4E9g,http://www.elsol-dc.com,4.0,0,0,0,1,0,0,0,0,0,0,0,0,0,0,0,0,0,0,0,1,0,0,0,1,0,1,0,0,1,1,0,1,0,0,0,1,0,0,1,1,0,0,1,1,1,-1,0,-1,1,1,0,0,1,0,0,1,1,0,0,0,0,0,1,-1,0,1,1,0,0,0,0,0,0,0,0,0,0,-1,0,0,1
iqV-9rIC-azTw9OQQc8Vhw,https://www.districttaco.com,4.0,0,0,0,1,0,0,0,0,0,0,0,0,0,0,0,0,0,0,0,1,0,0,1,1,0,1,0,0,1,1,0,1,0,0,1,0,0,0,0,0,0,0,0,0,0,0,0,0,1,1,0,0,1,0,0,1,1,0,0,0,0,0,0,1,0,0,1,0,0,0,1,1,1,0,0,0,0,-1,0,1,1
HZI8Qo6FJxDVomQaBNAXNA,https://www.hyatthotels.hyatt.…,4.0,0,0,1,0,0,0,0,0,0,0,0,0,0,0,0,0,0,0,0,1,0,0,0,1,0,1,0,0,1,-1,0,0,0,0,1,0,0,0,0,0,0,0,1,1,1,0,0,1,-1,1,0,0,0,1,0,0,0,0,0,0,0,0,1,-1,0,0,0,0,0,0,1,0,0,0,0,0,0,0,0,0,0
j9qYRR8HCXm_GEnetijOGA,http://lediplomatedc.com,4.5,0,0,0,0,0,0,0,0,0,1,0,0,0,0,0,0,0,0,0,0,1,0,1,1,0,1,0,0,1,1,0,1,0,0,1,0,0,0,0,0,0,0,-1,1,1,0,0,0,1,1,0,0,1,0,0,0,1,0,1,0,1,0,1,-1,0,1,1,0,0,0,0,1,1,0,0,0,0,-1,0,0,0
rvAvfiL7kwTp5bR02lHegA,https://www.mazidc.com,4.5,0,0,1,0,0,0,0,0,0,0,0,0,0,1,0,0,0,0,0,0,1,0,1,1,0,1,0,0,1,1,0,1,0,0,1,0,0,0,0,0,0,0,1,1,1,0,0,0,1,0,0,0,1,0,0,0,1,1,0,0,0,0,1,1,0,1,1,0,0,0,1,1,1,0,0,0,0,-1,0,0,0
NpAZtXqA9_bYWe9r3jyNow,http://saltrosslyn.com,4.5,0,0,1,0,0,0,0,0,0,0,0,0,0,0,0,0,0,0,0,0,1,0,0,0,0,1,0,0,1,0,1,1,0,0,0,0,0,0,0,1,1,0,-1,1,-1,0,0,-1,0,0,0,0,1,0,0,0,0,0,0,1,0,0,1,-1,0,0,0,0,0,0,1,0,0,0,0,0,0,-1,0,0,1
U0tfep9yNBASTe2zAG6cPw,http://www.filomena.com,4.0,0,0,0,0,0,1,0,0,0,0,0,0,0,0,0,0,0,0,0,0,1,0,1,1,0,1,1,0,1,1,1,1,0,0,1,0,0,0,0,1,1,1,1,1,-1,-1,-1,-1,-1,1,0,0,0,0,0,0,1,0,0,0,0,0,1,-1,1,1,1,0,0,0,-1,1,1,0,0,0,0,-1,1,0,0
zeTqaVpvssznHt_1IxChXQ,http://www.blueducktavern.com/,4.0,0,0,1,0,0,0,0,0,0,0,0,0,0,0,0,0,0,0,0,0,1,0,0,1,0,1,0,0,1,1,0,1,1,0,1,0,0,0,1,1,1,0,-1,1,1,-1,0,-1,1,0,0,1,1,0,0,0,1,0,0,0,0,0,1,-1,0,1,0,0,0,0,1,1,1,0,0,0,0,-1,0,0,0
GBkFa8TJwkaUJsJXXGkTTg,https://www.zaytinya.com,4.0,1,0,0,0,0,0,0,0,0,0,1,0,0,1,0,0,0,0,0,0,1,0,1,1,0,1,0,0,1,1,1,1,0,0,1,0,0,0,0,0,0,0,1,1,1,0,0,0,1,1,0,0,1,0,0,0,1,0,0,0,1,0,1,1,0,1,1,0,1,0,0,1,1,0,1,0,0,-1,0,0,0
YtPKdaicJQ-i2yP9bV-5EA,https://sequoiadc.com,3.0,0,0,1,0,0,0,0,0,0,0,0,0,0,0,0,0,0,0,0,0,1,0,0,1,0,1,0,0,1,1,1,1,0,0,1,0,0,0,0,0,0,0,1,1,1,0,0,0,1,0,0,0,1,0,0,0,1,0,0,0,0,0,1,1,0,0,1,0,0,0,1,1,1,0,0,0,0,-1,0,1,1
PUPMoUeO7vyy75cxZmz8pw,https://www.jeffersondc.com/do…,4.5,0,0,1,0,0,0,0,0,0,0,0,0,0,0,0,0,0,0,0,0,1,0,0,0,0,1,0,0,1,-1,1,1,1,0,1,0,1,0,0,1,1,0,1,1,1,-1,0,1,-1,1,1,1,1,0,0,0,1,0,0,1,0,0,1,-1,0,0,1,0,0,0,1,0,1,0,0,0,0,-1,0,0,0
Kum_yBojFgplX6U68iUR4g,http://www.ala-dc.com,4.0,1,0,0,0,0,0,0,0,0,0,0,0,0,1,0,1,0,0,0,0,1,0,1,1,0,1,0,0,1,1,0,1,0,0,1,0,0,0,0,0,0,0,-1,1,1,0,0,0,1,1,0,0,1,0,0,1,1,0,0,0,0,0,1,1,0,1,0,1,0,1,1,1,1,0,1,0,0,1,1,1,1
u4J0llPPQDXNuRq2mNX6LQ,https://boqueriarestaurant.com,4.0,0,0,0,0,0,0,0,0,0,0,0,0,0,0,0,1,0,0,0,0,1,0,1,1,0,1,1,0,1,1,0,1,0,0,1,0,0,0,0,0,0,0,1,1,1,0,0,0,1,0,0,0,0,0,0,0,1,0,1,0,1,0,1,1,0,0,1,1,0,0,1,1,1,0,1,0,0,-1,0,0,1
MP6K_2ye4QRoG26tjGJGDA,http://joes.net,4.5,0,0,1,0,0,0,0,0,0,0,0,0,0,0,0,0,0,0,0,0,1,0,1,1,0,1,0,0,1,1,0,0,1,0,1,0,0,0,0,0,0,0,1,1,-1,0,0,0,1,0,0,1,1,0,0,0,1,0,0,0,0,0,1,-1,0,0,1,0,0,0,1,1,1,0,0,1,0,-1,0,0,0
f6RUYzCeVfdZXFnKSq1Lng,https://www.runchickenrun.com/…,3.5,0,0,1,0,0,0,0,0,0,0,0,0,0,0,0,0,0,0,0,0,1,0,1,1,0,1,0,0,1,0,1,1,1,0,1,0,0,0,0,0,0,0,1,1,1,-1,0,-1,1,1,0,1,1,0,0,0,1,0,0,0,1,0,1,1,1,1,1,0,0,1,1,0,0,0,1,0,0,-1,0,1,0
LBKph_FnJH_BIwOfW5s5FA,https://www.delmardc.com,4.0,0,0,0,0,0,0,0,0,0,0,0,0,0,0,0,1,0,0,0,0,1,0,0,1,0,1,0,0,1,1,1,1,1,0,1,0,0,0,1,1,1,0,-1,1,1,-1,0,-1,1,0,1,1,1,0,0,1,1,1,1,0,0,0,1,0,0,0,0,0,0,0,1,0,0,0,0,0,0,-1,0,0,0
H3nudsB6hHMqBhc_N6ki0A,https://www.dauphinesdc.com,4.0,0,0,1,0,0,0,0,0,0,0,0,0,0,0,0,0,0,0,0,0,1,0,0,0,0,1,0,0,1,0,1,1,0,0,0,0,0,1,0,0,0,0,1,-1,1,0,0,-1,1,0,0,0,1,0,0,0,1,0,0,0,0,0,1,-1,0,0,0,1,0,0,1,0,0,0,0,0,0,0,0,0,1
KOOTZMjLyGQzG-5uZbSASw,http://www.tonyandjoes.com,3.0,0,0,1,0,0,0,0,0,0,0,0,0,0,0,0,0,0,0,0,0,1,0,1,1,0,1,1,0,1,1,1,1,0,0,1,0,0,0,0,1,1,1,1,0,1,-1,0,1,1,1,0,0,0,0,0,1,1,0,0,0,0,0,1,1,0,1,0,0,0,0,0,0,1,0,0,0,0,-1,0,0,0
FPj_bKBAu9ckQkBtHMPKow,https://www.yelp.com/biz/mari-vanna-washington-3?adjust_creative=zQXigI7LgZAT12wMOc08kg&utm_campaign=yelp_api_v3&utm_medium=api_v3_business_search&utm_source=zQXigI7LgZAT12wMOc08kg,4.0,0,0,0,0,0,0,0,0,0,0,1,1,0,0,0,0,0,0,0,0,1,0,0,1,1,1,0,0,1,-1,0,1,0,0,0,0,0,0,0,0,0,0,1,1,-1,0,0,0,1,0,0,0,1,0,0,0,1,0,0,0,0,0,1,-1,0,0,0,1,0,0,1,1,1,0,0,0,0,-1,0,0,0
LhVZjnt_W_RGymDCGJZVBw,https://www.hotnjuicycrawfish.…,4.0,0,0,1,0,0,0,0,0,0,0,0,0,0,0,0,0,0,0,0,0,1,0,0,1,0,1,0,0,1,1,1,1,0,1,0,0,0,0,0,0,0,0,1,1,1,0,0,0,-1,1,0,0,1,0,0,1,1,0,0,0,0,0,1,-1,0,0,1,0,0,0,0,0,1,0,0,0,0,-1,0,0,0
iZy3tKmUETSp_YxONUcV9Q,https://cranes-dc.com,4.5,0,0,0,0,0,0,1,1,1,0,0,0,0,0,0,1,0,0,0,0,1,0,1,1,0,1,0,0,1,0,1,1,0,0,1,0,0,0,1,0,0,0,1,1,1,0,0,-1,1,0,1,1,1,0,0,0,1,0,0,0,1,0,1,1,0,1,1,0,0,0,1,0,0,0,1,0,0,0,0,0,0
oCqTQZhcgIEDddXkbuG3hg,https://www.chinachilcano.com,4.0,0,0,0,0,1,0,1,1,1,0,0,0,0,0,0,0,0,0,0,0,1,0,1,1,0,1,0,0,1,1,0,1,0,0,1,0,0,0,0,0,0,0,-1,1,1,0,0,0,1,0,0,0,1,0,0,0,1,0,0,0,1,0,1,1,0,1,1,0,1,0,1,1,1,0,0,0,0,-1,0,0,0
W2IKBPgva5s2Xb51oM3G9w,http://www.officinadc.com,3.0,0,0,0,0,0,1,0,0,0,0,0,0,0,0,0,0,0,0,0,0,1,0,0,1,0,1,0,0,1,-1,1,0,0,0,1,0,0,0,0,0,0,0,-1,1,1,0,0,0,1,1,0,0,0,0,0,0,1,1,0,0,0,0,1,-1,0,0,0,0,0,0,1,1,1,0,0,0,0,-1,0,0,0
Ej_S0TYGWOGi9LPdDz7DKA,https://www.ambarrestaurant.co…,4.5,0,0,0,0,0,0,0,0,0,0,0,1,0,0,0,0,0,0,0,0,1,0,1,1,0,1,1,0,1,1,0,1,0,0,1,0,0,0,0,0,0,0,-1,1,1,0,0,0,-1,0,0,0,0,0,0,1,1,0,1,0,1,0,1,1,0,1,1,0,0,0,1,1,1,0,1,0,0,1,0,0,0
MkoiKTmm38EIA5QYRam2yA,https://www.supradc.com,4.0,0,0,0,0,0,0,0,0,0,0,1,0,0,0,0,0,0,0,0,0,1,0,1,1,0,1,0,0,1,-1,0,1,0,0,0,0,0,0,0,0,0,0,-1,1,1,-1,0,-1,1,0,0,1,1,0,0,0,1,1,1,0,1,0,1,1,0,1,0,0,0,0,1,1,1,0,0,0,0,-1,0,0,1
hIDsn0pPz_rxqOfnnB1q2g,http://www.sfoglinapasta.com/d…,4.0,0,0,0,0,0,1,0,0,0,0,0,0,0,0,0,0,0,0,0,0,1,0,0,1,0,1,0,0,1,0,1,1,0,0,0,0,0,0,0,0,0,0,1,1,1,0,0,0,0,1,0,0,1,0,0,0,1,1,0,0,0,0,1,0,0,0,1,0,0,0,0,1,1,0,0,0,0,-1,0,0,0
EVSKVup02u4TLKZNCsOk4A,https://www.ledesales.com,4.5,0,0,0,0,0,0,0,0,0,1,0,0,0,0,0,0,0,0,0,0,1,0,1,1,0,1,0,0,1,-1,1,1,0,0,1,0,0,0,0,0,0,0,-1,1,1,0,0,0,1,1,0,1,1,0,0,1,1,0,0,0,1,0,1,1,1,0,0,0,0,0,1,0,1,0,0,0,0,-1,0,0,1
VDezBOqn852wfl_cRiERsg,http://www.dirtyhabitdc.com,4.0,0,0,1,0,0,0,0,0,0,0,0,0,0,0,0,0,0,0,0,0,1,0,1,1,0,1,0,0,1,1,0,1,0,0,1,0,0,0,1,1,1,0,1,1,1,-1,0,-1,1,1,0,1,1,0,0,0,1,0,1,0,1,0,1,1,0,0,1,0,0,0,1,1,1,0,0,0,0,-1,0,0,0
2S8-xI6JkldBX4PkWbiKhA,http://www.quarterdeckarlingto…,3.5,0,0,1,0,0,0,0,0,0,0,0,0,0,0,0,0,0,0,0,0,1,0,0,1,0,0,0,0,1,1,0,1,0,0,0,0,0,0,0,0,0,0,1,1,1,0,0,0,1,1,0,0,1,0,0,0,1,0,0,0,0,0,1,-1,0,0,1,0,0,0,-1,0,1,0,0,0,0,0,0,0,0
6hKXwAz3--qrezFyK7wDRw,http://www.ocean-prime.com,4.0,0,0,1,0,0,0,0,0,0,0,0,0,0,0,0,0,0,0,0,0,1,0,0,0,0,1,0,0,1,-1,0,1,0,0,1,0,0,0,0,0,0,0,1,1,1,0,0,0,-1,0,1,1,1,0,0,0,1,1,0,0,1,0,1,1,0,0,0,0,0,0,1,1,1,0,0,1,0,-1,0,0,0
WW96CpVkescnlSqkWVU4jg,https://swahilivillages.com,4.5,0,1,0,0,0,0,0,0,0,0,0,0,0,0,0,0,0,0,0,0,1,0,1,1,0,1,1,0,1,0,1,1,0,0,0,0,0,1,0,0,1,1,0,1,0,0,0,0,0,0,0,0,0,0,0,0,1,0,0,0,0,0,1,0,0,0,1,0,0,0,0,1,0,0,1,0,0,0,0,0,0
qvVZpFsQULU1R97rNKbPtA,http://www.alabardero.com,4.0,0,0,1,0,0,0,0,0,0,0,0,0,0,0,0,1,0,0,0,0,1,0,1,1,0,1,0,0,1,-1,1,1,0,1,1,0,0,0,0,0,0,0,-1,1,1,0,0,0,1,0,0,0,1,0,0,0,1,0,0,0,0,0,1,1,1,0,1,0,0,1,1,1,0,0,0,0,0,-1,0,0,0
eMKMU3I4YG3SlptAnou6KA,https://www.takara14thst.com,4.0,0,0,0,0,0,0,0,1,0,0,0,0,0,0,0,0,0,0,0,0,1,0,0,0,1,0,0,0,1,0,0,0,0,0,1,0,0,0,0,0,0,0,1,1,-1,0,0,0,0,1,1,0,1,0,0,0,1,0,0,0,1,0,1,1,0,0,1,1,1,0,-1,0,0,0,0,0,0,0,0,0,1
IC86ODgczheotGEM240VSQ,https://www.ironagekoreansteak…,4.0,0,0,1,0,0,0,0,0,1,0,0,0,0,0,0,0,0,0,0,0,1,0,0,0,0,0,1,0,1,0,0,0,0,1,0,0,0,0,0,0,0,0,1,1,-1,0,0,0,1,1,0,0,0,0,0,0,1,0,0,0,1,0,1,-1,0,1,1,0,0,0,1,0,0,0,0,0,0,-1,0,0,0
rnPre8DAUqDVZ7c6Egf_UQ,https://trulucks.com,4.0,0,0,1,0,0,0,0,0,0,0,0,0,0,0,0,0,0,0,0,0,1,0,0,0,0,1,0,0,1,0,1,1,0,0,0,0,0,0,0,0,0,0,0,1,1,0,0,0,0,0,0,0,1,0,0,0,0,1,0,0,0,0,1,0,0,0,1,0,1,0,1,1,0,0,0,0,0,-1,1,0,0
-QvEB4PhS7n3hCBgVpnZrA,http://www.centralmichelrichar…,4.0,0,0,1,0,0,0,0,0,0,1,0,0,0,0,0,0,0,0,0,0,1,0,1,1,0,1,0,0,1,1,0,1,0,0,1,0,0,0,0,0,0,0,1,1,1,0,0,0,1,1,0,0,1,0,0,0,1,0,0,0,0,0,1,1,1,0,0,1,0,0,1,1,1,0,1,0,0,-1,0,0,0
0E-VYhreGPhBrugmXewyaw,http://www.zeppelindc.com,4.0,0,0,0,0,0,0,0,1,0,0,0,0,0,0,0,0,0,0,0,0,1,0,1,1,0,1,0,0,1,-1,0,1,0,0,1,0,0,1,0,1,1,0,-1,1,1,0,0,-1,1,1,0,0,1,0,0,0,1,0,0,0,1,0,1,1,0,0,1,1,0,0,1,1,1,0,1,0,0,1,0,0,1
trqVGAwgh_953up-5d_wfw,http://www.lachaumieredc.com,3.5,0,0,0,0,0,0,0,0,0,1,0,0,0,0,0,0,0,0,0,0,1,0,0,1,0,1,0,0,1,-1,0,1,0,0,0,0,0,0,0,0,0,0,-1,1,1,0,0,0,-1,1,0,0,1,0,0,0,1,0,0,0,0,0,1,-1,0,0,0,0,0,0,1,0,1,0,0,0,0,-1,0,0,0
AYcKqLyT5wmDZ3CeKGcGZw,http://www.barcelonawinebar.co…,4.0,0,0,0,0,0,0,0,0,0,0,0,0,0,0,0,1,0,0,0,0,1,0,0,1,0,1,0,0,1,-1,0,1,0,1,1,1,0,0,0,1,1,0,-1,1,1,-1,0,-1,1,1,0,0,1,0,0,0,1,0,0,0,1,0,1,1,0,0,1,0,0,0,1,0,1,0,0,0,0,-1,0,0,0
IahWJkql-VuJXlXfLFRccw,http://www.cafemilano.com,3.5,0,0,0,0,0,1,0,0,0,0,0,0,0,0,0,0,0,0,0,0,1,0,0,1,0,1,0,0,1,-1,0,1,0,0,1,0,0,0,1,1,1,0,1,0,1,-1,0,0,-1,0,0,1,1,0,0,0,1,0,0,0,0,0,1,1,0,0,1,0,0,0,0,0,1,0,0,0,0,0,0,0,1
KkHfLfN4jNivWSU1us-azA,http://www.figandolive.com,3.5,0,0,0,0,0,0,0,0,0,1,0,0,0,1,0,0,0,0,0,0,1,0,1,1,0,1,0,0,1,1,1,0,0,0,1,0,0,0,1,0,0,0,-1,1,1,0,0,-1,-1,1,0,1,1,0,0,0,1,0,0,0,1,0,1,-1,0,0,1,0,0,0,1,1,0,0,0,0,0,-1,0,0,0
rSgEvjz-0_K3MAzOCy2JRg,https://www.trumphotels.com/wa…,4.0,0,0,1,0,0,0,0,0,0,0,0,0,0,0,0,0,0,0,0,0,1,0,0,1,0,1,0,0,1,-1,0,0,1,0,1,0,0,0,1,1,1,0,1,1,-1,-1,0,-1,1,0,0,1,1,0,0,1,0,0,0,0,0,0,1,-1,0,0,0,0,0,0,1,1,1,0,0,0,0,-1,0,0,1
XkNEiWH_8Prj_fT7vzARcA,http://www.thepalm.com,3.5,0,0,1,0,0,0,0,0,0,0,0,0,0,0,0,0,0,0,0,0,1,0,1,1,0,1,0,0,1,1,0,1,1,0,1,0,0,0,0,0,0,0,1,1,1,0,0,0,1,0,0,1,1,0,0,0,1,0,0,0,0,0,1,1,0,0,0,0,0,0,0,0,1,0,0,0,0,-1,0,0,0
O2Hlzb30ZBmCpLFqXPlJOg,https://www.meetatsante.com,4.0,0,0,0,0,0,0,0,0,0,0,0,0,0,1,0,0,0,0,0,0,1,0,0,0,0,1,0,0,1,0,0,0,1,0,0,0,0,0,0,0,0,0,1,0,-1,0,0,0,0,0,0,0,0,0,0,0,0,0,0,0,1,0,1,0,0,0,1,0,0,0,1,0,0,0,0,0,0,-1,0,0,0
VE0hPsOzbbvfuE1TI_vgcA,http://www.thecirclehotel.com,3.5,0,0,1,0,0,0,0,0,0,0,0,0,0,0,0,0,0,0,0,0,1,0,0,0,0,1,0,0,1,-1,0,1,0,0,1,0,0,0,0,0,0,0,1,1,1,0,0,0,-1,0,0,0,1,0,0,0,0,0,0,0,0,0,1,0,0,0,1,0,1,0,1,0,0,0,0,0,0,0,0,0,0
MFGlv80CRVk6SXexYS-LMg,http://parkwashington.hyatt.co…,3.5,0,0,1,0,0,0,0,0,0,0,0,0,0,0,0,0,0,0,0,0,1,0,0,0,0,1,0,0,1,-1,0,1,0,0,0,0,0,0,0,0,0,0,1,0,1,0,0,0,0,0,0,1,0,1,0,0,0,0,0,0,0,0,1,0,0,0,0,0,0,0,0,0,0,0,0,0,0,0,0,0,0
W-6JWToQHBvGUbfw6Y-THQ,https://ruthschris.com,3.5,0,0,1,0,0,0,0,0,0,0,0,0,0,0,0,0,0,0,0,0,1,0,1,1,0,1,0,0,1,-1,0,1,1,0,1,0,0,0,0,0,0,0,1,1,1,0,0,0,1,0,0,1,1,0,0,0,1,0,0,0,0,0,1,-1,0,0,0,0,0,0,1,1,1,0,0,1,0,-1,1,0,0
6JIzZDmgzcVB0BwxxehfPQ,http://www.bobbyvans.com,3.5,0,0,1,0,0,0,0,0,0,0,0,0,0,0,0,0,0,0,0,0,1,0,0,1,0,1,0,0,1,1,0,1,1,0,0,0,0,0,0,0,0,0,1,1,1,0,0,0,-1,0,0,1,1,0,0,0,1,0,0,0,0,0,1,-1,0,0,0,0,0,0,0,0,0,0,0,1,0,-1,0,0,0
4SUXI6IE9EZNultFqDtH9A,https://delfriscos.com/steakho…,3.5,0,0,1,0,0,0,0,0,0,0,0,0,0,0,0,0,0,0,0,0,1,0,1,1,0,1,0,0,1,-1,1,0,1,0,0,0,0,0,0,0,0,0,1,1,1,0,0,0,1,0,0,1,1,0,0,0,1,0,0,0,1,0,1,1,0,0,1,0,0,0,0,1,1,0,0,1,0,-1,0,0,0
m3tC1NYUZcSRFv-VROnI9A,http://www.jaleo.com/,3.5,0,0,0,0,0,0,0,0,0,0,0,0,0,0,0,1,0,0,0,0,1,0,1,1,0,1,0,0,1,1,1,1,0,1,1,0,0,0,0,0,0,0,1,1,1,0,0,0,1,0,0,0,1,0,0,0,1,0,0,0,1,0,1,1,0,0,1,0,0,0,1,1,1,0,0,0,0,1,0,1,0
9tlgRMm6b5hG-OnDRQkoOQ,http://www.bobbyvans.com,3.5,0,0,1,0,0,0,0,0,0,0,0,0,0,0,0,0,0,0,0,0,1,0,1,1,0,1,0,0,1,1,0,1,0,0,0,0,0,0,0,0,0,0,1,1,1,0,0,0,1,0,0,0,1,0,0,0,1,0,0,0,0,0,1,1,0,0,1,0,0,0,0,0,0,0,0,0,0,0,0,0,0
HBDr7Y2O5wqKYH15z1izmw,http://www.theoceanaire.com/Lo…,3.5,0,0,1,0,0,0,0,0,0,0,0,0,0,0,0,0,0,0,0,0,1,0,1,1,0,1,0,0,1,-1,0,1,1,0,1,0,0,0,0,0,0,0,1,1,-1,0,0,0,1,0,0,0,1,0,0,0,1,0,0,0,0,0,1,-1,0,0,1,0,0,0,0,0,1,0,0,0,0,-1,0,0,0
0s2ySKW18LoPhKa2yM5f-g,https://www.yelp.com/biz/asefus-restaurant-and-bar-washington?adjust_creative=zQXigI7LgZAT12wMOc08kg&utm_campaign=yelp_api_v3&utm_medium=api_v3_business_search&utm_source=zQXigI7LgZAT12wMOc08kg,1.0,0,1,0,0,0,0,0,0,0,0,0,0,0,0,0,0,0,0,0,0,1,0,0,0,0,0,0,0,-1,1,0,0,0,0,1,0,0,0,0,0,0,0,1,0,1,0,0,0,0,0,0,0,1,0,0,0,0,0,0,0,0,0,1,1,0,0,0,0,0,0,0,0,0,0,0,0,0,0,0,0,0
-geMzu2IsbtJUNdJYfU_Sg,http://sushiogawadc.com,4.0,0,0,0,0,0,0,0,1,0,0,0,0,0,0,0,0,0,0,0,0,0,0,1,1,0,1,0,0,-1,-1,0,1,0,0,1,0,0,0,0,0,0,0,-1,1,-1,0,0,0,-1,0,1,0,0,1,0,0,1,0,0,0,0,0,1,1,0,0,1,0,0,0,-1,1,1,0,0,0,0,-1,0,0,1
-OMQv4qP5wTkQ5viTIDVuw,http://www.ebbitt.com,4.0,0,0,1,0,0,0,0,0,0,0,0,0,0,0,0,0,0,0,0,0,0,0,0,0,0,0,0,0,1,-1,0,0,0,0,0,0,0,0,0,0,0,0,1,0,-1,-1,0,0,1,1,0,0,1,0,0,0,0,0,0,0,0,0,0,0,0,0,0,0,0,0,0,0,0,0,0,0,0,0,0,0,0
1ieT14ia0sHQGg6-fK6nAA,http://www.mortons.com,3.5,0,0,1,0,0,0,0,0,0,0,0,0,0,0,0,0,0,0,0,0,0,0,1,1,0,1,0,0,1,-1,1,1,1,0,1,0,0,0,0,0,0,0,1,1,1,0,0,0,1,0,0,1,1,0,0,0,1,0,0,0,0,0,1,1,0,0,1,0,0,0,0,0,1,0,0,0,0,-1,0,0,0
Ll9hdFWAfslmHovYzXDx_A,http://www.mortons.com/,3.0,0,0,1,0,0,0,0,0,0,0,0,0,0,0,0,0,0,0,0,0,0,0,0,1,0,1,0,0,1,-1,0,0,0,0,0,0,0,0,0,0,0,0,0,0,1,0,0,0,0,0,0,0,0,0,0,0,0,0,0,0,0,0,0,0,0,0,0,0,0,0,0,0,1,0,0,0,0,0,0,0,0
4I_AmIA9OVG0APeGZJbuZg,https://www.bobandedithsdiner.…,4.0,0,0,0,0,0,0,0,0,0,0,0,0,0,0,0,0,0,0,0,1,0,0,1,1,0,1,0,0,1,1,0,0,0,0,1,0,0,0,0,0,0,0,1,1,1,0,0,0,1,1,0,0,1,0,1,0,0,0,1,1,0,1,0,-1,0,0,1,0,0,0,0,1,1,0,0,0,0,-1,0,0,0
lzOxtVOhJu_MK9bIwSB_lA,http://www.mcdonalds.com,2.5,0,0,1,0,0,0,0,0,0,0,0,0,0,0,0,0,0,0,1,0,0,0,0,1,0,0,0,0,1,1,1,0,0,0,1,0,0,0,0,0,0,0,1,1,1,0,1,0,1,1,0,0,1,0,1,1,0,0,0,0,0,0,0,-1,0,0,0,0,0,0,0,0,0,0,0,0,0,0,0,0,0
956cGD7SNIM_yRm1xzzlMA,http://www.mcdonalds.com,3.0,0,0,1,0,0,0,0,0,0,0,0,0,0,0,0,0,0,0,1,0,0,0,0,1,0,0,0,0,1,1,0,0,0,0,1,0,0,0,0,0,0,0,1,0,-1,0,0,0,-1,0,0,0,1,0,0,0,0,0,0,0,0,0,0,-1,0,0,0,0,0,0,0,0,0,0,0,0,0,0,0,0,0
YCTHUwpZuU0Hjb3SZtXrcw,http://www.mcdonalds.com,2.5,0,0,1,0,0,0,0,0,0,0,0,0,0,0,0,0,0,0,1,0,0,0,0,1,0,0,0,0,1,1,0,1,0,0,1,0,0,0,0,0,0,0,1,0,-1,0,0,0,1,0,0,0,1,0,1,1,0,0,0,1,0,0,0,-1,0,0,0,0,0,0,0,0,0,0,0,0,0,0,0,0,0
TSbHCsreMfwHYBWPi1KFdA,http://ihop.com,2.5,0,0,1,0,0,0,0,0,0,0,0,0,0,0,0,0,0,0,0,1,0,0,1,1,0,0,0,0,1,1,1,1,0,0,1,0,0,0,0,0,0,0,-1,0,-1,0,0,0,1,1,0,0,1,0,1,0,0,0,1,1,0,0,0,-1,0,0,0,0,0,0,0,0,1,0,0,0,0,-1,0,0,0
3zIz-vD2WIU0WhrBla01KA,http://www.mcdonalds.com,2.0,0,0,1,0,0,0,0,0,0,0,0,0,0,0,0,0,0,0,1,0,0,0,0,1,0,0,1,0,1,1,0,1,0,0,0,0,0,0,0,0,0,0,-1,0,-1,0,0,0,1,0,0,0,0,0,0,0,0,0,0,0,0,0,0,-1,0,0,0,0,0,0,0,0,0,0,0,0,0,0,0,0,0
szPmbdyWPPPUjNpyFO8ALg,http://www.mcdonalds.com,2.0,0,0,1,0,0,0,0,0,0,0,0,0,0,0,0,0,0,0,1,0,0,0,0,1,0,0,1,0,1,1,0,1,0,0,1,0,0,0,0,0,0,0,1,0,-1,0,0,0,1,0,0,0,0,0,1,0,0,0,0,1,0,0,0,-1,0,0,0,0,0,0,0,0,0,0,0,0,0,0,0,0,0
4G3wNYrIeWgxdCQUSNjhzA,http://www.mcdonalds.com,1.5,0,0,1,0,0,0,0,0,0,0,0,0,0,0,0,0,0,0,1,0,0,0,0,1,0,0,0,0,-1,1,0,0,0,0,1,0,0,0,0,0,0,0,1,-1,-1,0,0,0,-1,0,0,0,1,0,0,0,0,0,0,0,0,0,0,-1,0,0,0,0,0,0,0,0,0,0,0,0,0,0,0,0,0
lWniSfVEA2A0rIxESosTFg,http://www.mcdonalds.com,2.0,0,0,1,0,0,0,0,0,0,0,0,0,0,0,0,0,0,0,1,0,0,0,0,1,0,1,0,0,1,1,0,1,0,0,1,0,0,0,0,0,0,0,1,0,-1,0,0,0,1,1,0,0,1,0,1,0,0,0,0,0,0,0,0,-1,0,0,0,0,0,0,0,0,0,0,0,0,0,0,0,0,0
xzWPcqDU-c4NmmZnpAWWlQ,http://www.subway.com,2.0,0,0,0,0,0,0,0,0,0,0,0,0,0,0,0,0,0,0,1,0,0,0,1,1,0,0,0,0,1,1,0,0,0,0,0,0,0,0,0,0,0,0,1,0,-1,0,0,0,0,0,0,0,0,1,0,0,0,0,0,0,0,0,0,1,0,0,1,0,0,0,0,0,0,0,0,0,0,0,0,0,0
22H2ivVbz2jynTv4N9eqHg,http://www.mcdonalds.com,2.0,0,0,1,0,0,0,0,0,0,0,0,0,0,0,0,0,0,0,1,0,0,0,0,1,0,1,1,0,1,1,0,0,0,0,1,0,0,0,0,0,0,0,1,0,1,0,0,0,1,0,0,0,0,0,0,0,0,0,0,0,0,0,0,-1,0,0,0,0,0,0,0,0,0,0,0,0,0,0,0,0,0
cB-GAIplNve2e_Mcah_H-g,http://ihop.com,3.0,0,0,1,0,0,0,0,0,0,0,0,0,0,0,0,0,0,0,0,1,0,0,1,1,0,0,0,0,1,1,0,0,0,0,1,0,0,0,0,0,0,0,-1,0,-1,0,0,0,1,1,0,0,1,0,1,1,0,0,1,0,0,0,0,-1,0,0,0,0,0,0,0,0,1,0,0,0,0,-1,0,0,1
1Rc4aBEmS-rTTJGFAR_i4Q,http://www.mcdonalds.com,2.5,0,0,1,0,0,0,0,0,0,0,0,0,0,0,0,0,0,0,1,0,0,0,0,1,0,1,0,0,1,1,0,0,0,0,1,0,0,0,0,0,0,0,1,0,-1,0,0,0,1,1,0,0,1,0,1,0,0,1,0,1,0,0,0,1,0,0,0,0,0,0,0,0,0,0,0,0,0,0,0,0,0
-oihRrt7WDnghqnIlSCoLA,http://www.panerabread.com,3.5,0,0,0,0,0,0,0,0,0,0,0,0,0,0,0,0,0,0,0,1,0,0,0,1,0,0,0,0,1,1,1,0,0,0,1,0,0,0,0,0,0,0,1,-1,1,0,0,0,1,1,0,0,1,0,1,1,1,0,0,0,0,0,0,0,0,0,1,0,0,1,0,1,0,0,0,0,0,0,0,0,0
2IHlz0SLIJw6BGjFEzVMMg,http://www.mcdonalds.com,2.0,0,0,1,0,0,0,0,0,0,0,0,0,0,0,0,0,0,0,1,0,0,0,0,1,0,0,1,0,1,1,0,1,0,0,1,0,0,0,0,0,0,0,1,0,1,0,0,0,-1,1,0,0,0,0,1,1,1,1,0,0,0,0,0,-1,0,0,0,0,0,0,0,0,0,0,0,0,0,0,0,0,0
OJYOJ_mjX19310rjZNHSXQ,https://www.dennys.com,3.0,0,0,1,0,0,0,0,0,0,0,0,0,0,0,0,0,0,0,0,1,0,0,1,1,0,0,0,0,1,1,0,0,0,0,1,0,0,0,0,0,0,0,1,1,-1,0,0,0,1,1,0,0,1,0,1,1,1,0,1,1,0,0,0,-1,0,0,1,0,0,0,1,0,1,0,0,0,0,-1,0,1,0
ENdz3m_f-Y48QKp7z3QNuA,http://www.mcdonalds.com,1.0,0,0,1,0,0,0,0,0,0,0,0,0,0,0,0,0,0,0,1,0,0,0,0,1,0,0,0,0,1,1,0,0,0,0,1,0,0,0,0,0,0,0,1,0,-1,0,0,0,-1,0,0,0,1,0,0,0,0,0,0,0,0,0,0,-1,0,0,0,0,0,0,0,0,0,0,0,0,0,0,0,0,0
ZP_qp0hljl36kBy2rFVu8g,http://www.mcdonalds.com/,2.5,0,0,1,0,0,0,0,0,0,0,0,0,0,0,0,0,0,0,1,0,0,0,0,1,0,1,0,0,-1,1,0,0,0,0,1,0,0,0,0,0,0,0,1,0,0,0,0,0,0,0,0,0,0,1,0,0,0,0,0,0,0,0,0,0,0,0,0,0,0,0,0,0,0,0,0,0,0,0,0,0,0
3SlLS2jCgLCZ3RHZ5t8d2g,http://www.aubonpain.com,3.0,0,0,0,0,0,0,0,0,0,0,0,0,0,0,0,0,0,0,1,0,0,0,0,1,0,0,1,0,-1,1,0,0,0,0,0,0,0,0,0,0,0,0,1,-1,-1,0,1,0,1,1,0,0,0,0,1,0,0,0,0,0,0,0,0,1,0,0,0,0,0,0,0,1,0,0,0,0,0,0,0,0,0
z3ckvv3VygfyW3UMKM3f5Q,http://www.mcdonalds.com/,2.0,0,0,1,0,0,0,0,0,0,0,0,0,0,0,0,0,0,0,1,0,0,0,0,1,0,0,1,0,1,1,1,0,0,0,1,0,0,0,0,0,0,0,1,0,-1,0,-1,0,-1,1,0,0,0,0,1,1,1,0,0,0,0,0,0,-1,0,0,0,0,0,0,0,0,0,0,0,0,0,0,0,0,0
yCxgdSSejFUreOLUemztVA,http://www.mcdonalds.com,2.5,0,0,1,0,0,0,0,0,0,0,0,0,0,0,0,0,0,0,1,0,0,0,0,1,0,1,0,0,1,1,0,0,0,0,1,0,0,0,0,0,0,0,1,0,-1,0,0,0,0,0,0,0,0,1,0,0,0,0,0,0,0,0,0,-1,0,0,0,0,0,0,0,0,0,0,0,0,0,0,0,0,0
Qrl2TxihnueHsgHcHMePRw,http://www.mcdonalds.com,4.0,0,0,1,0,0,0,0,0,0,0,0,0,0,0,0,0,0,0,1,0,0,0,0,1,0,0,0,0,1,1,0,0,0,0,1,0,0,0,0,0,0,0,1,0,-1,0,0,0,1,0,0,0,1,0,0,0,0,0,0,0,0,0,0,0,0,0,0,0,0,0,0,0,0,0,0,0,0,0,0,0,0
DTE555JwB_Fz0VHrkYTJoA,http://www.mcdonalds.com,1.5,0,0,1,0,0,0,0,0,0,0,0,0,0,0,0,0,0,0,1,0,0,0,0,1,0,1,1,0,1,1,0,0,0,0,1,0,0,0,0,0,0,0,1,0,-1,0,0,0,1,0,0,0,0,0,0,0,0,0,0,0,0,0,0,-1,0,0,0,0,0,0,0,0,0,0,0,0,0,0,0,0,0
6T_qzB6JyCykfbzMgqXb0Q,http://www.mcdonalds.com,2.0,0,0,1,0,0,0,0,0,0,0,0,0,0,0,0,0,0,0,1,0,0,0,0,1,0,0,0,0,1,1,0,0,0,0,1,0,0,0,0,0,0,0,1,0,-1,0,0,0,1,0,0,0,1,0,0,0,0,0,0,0,0,0,0,-1,0,0,0,0,0,0,0,0,0,0,0,0,0,0,0,0,0
Y4WD4OQ86foy9tEniOlE-w,https://www.einsteinbros.com,2.5,0,0,0,0,0,0,0,0,0,0,0,0,0,0,0,0,0,0,1,0,0,0,0,1,0,0,0,0,0,0,1,0,0,0,1,0,0,0,0,0,0,0,0,0,-1,0,0,0,1,0,0,0,0,0,0,0,0,0,0,0,0,0,0,1,0,0,1,0,0,0,0,0,0,0,0,0,0,0,0,0,0
pyT9z9ngoyzEgqhU7MnDhg,http://www.mcdonalds.com,3.0,0,0,1,0,0,0,0,0,0,0,0,0,0,0,0,0,0,0,1,0,0,0,0,1,0,0,0,0,1,1,0,0,0,0,1,0,0,0,0,0,0,0,1,0,0,0,0,0,0,0,0,0,0,0,0,0,0,0,0,0,0,0,0,-1,0,0,0,0,0,0,0,0,0,0,0,0,0,0,0,0,0
fCakeoFh6tZQDzxUkeBxIw,http://www.mcdonalds.com,1.5,0,0,1,0,0,0,0,0,0,0,0,0,0,0,0,0,0,0,1,0,0,0,0,1,0,0,0,0,1,1,0,0,0,0,1,0,0,0,0,0,0,0,1,0,0,0,0,0,0,0,0,0,1,0,0,0,0,0,0,0,0,0,0,0,0,0,0,0,0,0,0,0,0,0,0,0,0,0,0,0,0
rF_Z_giCQgY8cFXvmlcMEA,http://www.mcdonalds.com,2.5,0,0,1,0,0,0,0,0,0,0,0,0,0,0,0,0,0,0,1,0,0,0,0,1,0,1,0,0,1,1,0,0,0,0,1,0,0,0,0,0,0,0,1,0,1,0,0,0,1,0,0,0,1,0,0,0,0,0,0,0,0,0,0,0,0,0,0,0,0,0,0,0,0,0,0,0,0,0,0,0,0
Fa4gj8QxhUHA6bY4Y3hXwQ,http://www.mcdonalds.com,2.0,0,0,1,0,0,0,0,0,0,0,0,0,0,0,0,0,0,0,1,0,0,0,0,1,0,0,0,0,1,1,0,0,0,0,1,0,0,0,0,0,0,0,1,0,1,0,0,0,1,0,0,0,1,0,0,0,0,0,0,0,0,0,0,0,0,0,0,0,0,0,0,0,0,0,0,0,0,0,0,0,0
Kn0o8OJlpNniLsRvmjyv2g,http://www.subway.com,1.5,0,0,0,0,0,0,0,0,0,0,0,0,0,0,0,0,0,0,1,0,0,0,1,1,0,0,0,0,0,0,0,0,0,0,0,0,0,0,0,0,0,0,0,0,1,0,0,0,0,0,0,0,0,0,0,0,0,0,0,0,0,0,0,1,0,0,1,0,0,0,0,0,0,0,0,0,0,0,0,0,0
AJ2cBKHxy6lnrrSDQUCGbg,http://ihop.com,2.5,0,0,1,0,0,0,0,0,0,0,0,0,0,0,0,0,0,0,1,0,0,0,1,1,0,0,1,0,1,1,0,0,0,0,1,0,0,0,0,0,0,0,-1,1,-1,0,0,0,1,1,0,0,0,0,1,1,1,0,1,0,0,0,0,0,0,0,0,0,0,0,0,0,1,0,0,0,0,0,0,0,0
qwSWn1Lym1ZUfR2JTD9_Xw,http://www.mcdonalds.com,1.5,0,0,1,0,0,0,0,0,0,0,0,0,0,0,0,0,0,0,1,0,0,0,0,1,0,0,0,0,1,1,0,0,0,0,1,0,0,0,0,0,0,0,1,0,-1,0,0,0,-1,0,0,0,0,1,1,0,0,0,0,0,0,0,0,-1,0,0,0,0,0,0,0,0,0,0,0,0,0,0,0,0,0
6_tyHwYpLz1ba0GaIXw4Jg,http://www.mcdonalds.com,1.5,0,0,1,0,0,0,0,0,0,0,0,0,0,0,0,0,0,0,1,0,0,0,0,1,0,0,1,0,1,1,0,0,0,0,1,0,0,0,0,0,0,0,1,0,-1,0,0,0,-1,0,0,0,0,0,0,1,0,0,0,0,0,0,0,-1,0,0,0,0,0,0,0,0,0,0,0,0,0,0,0,0,0
EhwU7fl0Pj_D8qc7_hQObA,http://www.mcdonalds.com,3.0,0,0,1,0,0,0,0,0,0,0,0,0,0,0,0,0,0,0,1,0,0,0,0,1,0,0,0,0,1,1,0,0,0,0,1,0,0,0,0,0,0,0,1,1,1,0,0,0,1,0,0,0,0,1,1,0,0,0,0,0,0,0,0,-1,0,0,0,0,0,0,1,0,0,0,0,0,0,-1,0,0,0
0A_OZ-7w0-Iivb6yoaNXqQ,http://www.mcdonalds.com,1.5,0,0,1,0,0,0,0,0,0,0,0,0,0,0,0,0,0,0,1,0,0,0,0,1,0,0,0,0,1,1,0,0,0,0,1,0,0,0,0,0,0,0,1,0,-1,0,0,0,1,0,0,0,0,0,0,0,0,0,0,0,0,0,0,0,0,0,0,0,0,0,0,0,0,0,0,0,0,0,0,0,0
xAYBLa92uPe8UHi_Hd3-Mw,http://www.mcdonalds.com,2.5,0,0,1,0,0,0,0,0,0,0,0,0,0,0,0,0,0,0,1,0,0,0,0,1,0,0,0,0,1,1,0,0,0,0,1,0,0,0,0,0,0,0,1,-1,-1,0,0,0,1,0,0,0,1,0,1,0,0,0,0,0,0,0,0,-1,0,0,0,0,0,0,0,0,0,0,0,0,0,0,0,0,0
dfn_htMvictUS3NJ8SrFiA,https://www.dennys.com,3.0,0,0,1,0,0,0,0,0,0,0,0,0,0,0,0,0,0,0,0,1,0,0,1,1,0,0,0,0,1,1,0,0,0,0,1,0,0,0,0,0,0,0,1,-1,-1,0,0,0,1,1,0,0,1,0,1,1,0,0,1,0,0,0,0,-1,0,0,1,0,0,0,1,0,1,0,0,0,0,0,0,1,0
7sX3b5lnO1mwCj_60edIAQ,http://www.subway.com,1.5,0,0,0,0,0,0,0,0,0,0,0,0,0,0,0,0,0,0,1,0,0,0,1,1,0,0,0,0,1,1,0,0,0,0,0,0,0,0,0,0,0,0,1,0,-1,0,0,0,-1,0,0,0,1,0,0,0,0,0,0,0,0,0,0,1,0,0,1,0,0,0,0,0,0,0,0,0,0,0,0,0,0
vqXnI3scxAkrRoflIx-0OQ,http://www.mcdonalds.com,2.0,0,0,1,0,0,0,0,0,0,0,0,0,0,0,0,0,0,0,1,0,0,0,0,1,0,0,0,0,1,1,0,0,0,0,1,0,0,0,0,0,0,0,1,0,0,0,0,0,-1,0,0,0,1,0,0,0,0,0,0,0,0,0,0,0,0,0,0,0,0,0,0,0,0,0,0,0,0,0,0,0,0
BcxpMgnljlVyB8xN1ESMOA,http://www.nychickenandgrill.c…,4.0,0,0,1,0,0,0,0,0,0,0,0,0,0,0,0,0,0,0,1,0,0,0,1,1,0,1,0,0,-1,1,0,0,0,0,0,0,0,0,0,0,0,0,1,-1,-1,0,0,0,-1,1,0,0,1,0,0,1,1,1,0,1,0,0,0,1,0,0,0,0,0,0,-1,0,1,0,0,0,0,-1,0,0,1
UBNi83cVOevki5IAuHnqpg,http://ihop.com,3.0,0,0,1,0,0,0,0,0,0,0,0,0,0,0,0,0,0,0,1,0,0,0,1,1,0,0,0,0,1,1,0,0,0,0,1,0,0,0,0,0,0,0,-1,0,-1,0,0,0,-1,1,0,0,1,0,1,0,0,0,0,0,0,0,-1,-1,0,0,0,0,0,0,0,0,0,0,0,0,0,0,0,0,0
5Hjjpb-WSvk71yYkv6WgLw,http://www.mcdonalds.com,1.5,0,0,1,0,0,0,0,0,0,0,0,0,0,0,0,0,0,0,1,0,0,0,0,1,0,0,0,0,1,1,0,0,0,0,1,0,0,0,0,0,0,0,1,0,-1,0,0,0,0,0,0,0,0,0,0,0,0,0,0,0,0,0,0,0,0,0,0,0,0,0,0,0,0,0,0,0,0,0,0,0,0
waqeV74OenbbneTvlJdkgw,https://www.yelp.com/biz/kabob-palace-arlington-2?adjust_creative=zQXigI7LgZAT12wMOc08kg&utm_campaign=yelp_api_v3&utm_medium=api_v3_business_search&utm_source=zQXigI7LgZAT12wMOc08kg,4.0,1,0,0,0,0,0,0,0,0,0,0,0,0,0,0,0,0,0,0,1,0,0,1,1,0,1,0,0,1,1,0,1,0,0,0,0,0,0,0,0,0,0,1,0,0,0,0,0,1,1,0,0,1,0,0,1,1,0,0,1,0,0,0,1,0,0,1,0,0,0,0,1,1,0,0,0,0,-1,0,0,0
mw6PR2LXUiljTHlt9vPd6Q,https://www.bobandedithsdiner.…,3.5,0,0,1,0,0,0,0,0,0,0,0,0,0,0,0,0,0,0,0,1,0,0,1,1,0,1,0,0,1,1,0,1,0,0,1,0,0,0,0,0,0,0,1,1,1,0,0,0,-1,1,0,0,1,0,1,1,0,0,1,1,0,0,0,-1,0,0,1,0,0,0,1,0,1,0,0,0,0,-1,0,0,0
ka6ryiUqnjuqm9jkHW5BgQ,http://andpizza.com/,4.5,0,0,0,0,0,1,0,0,0,0,0,0,0,0,0,0,0,0,0,1,0,0,0,0,0,0,0,0,1,1,0,0,0,0,0,0,0,0,0,0,0,0,1,0,0,0,0,0,-1,0,0,0,0,0,0,0,0,0,0,0,0,0,0,0,0,0,1,0,0,0,0,0,0,0,0,0,0,0,0,0,0
PwI3bmGoK-79HmhWf0cT_Q,https://cava.com,4.0,0,0,0,0,0,0,0,0,0,0,0,0,0,1,0,0,0,0,0,1,0,0,0,0,0,0,0,0,1,1,0,0,0,0,0,0,0,0,0,0,0,0,-1,-1,-1,0,0,0,-1,1,0,0,1,0,1,1,1,0,1,0,0,0,0,-1,0,0,0,0,0,0,0,1,0,0,0,0,0,0,0,0,0
kWHhCwNdYrVsvKhHA5EGgQ,https://www.flyreagan.com/stor…,2.5,0,0,1,0,0,0,0,0,0,0,0,0,0,0,0,0,0,0,0,1,0,0,0,0,0,0,0,0,-1,-1,0,0,0,0,1,0,0,0,0,0,0,0,1,1,-1,-1,0,-1,-1,1,0,0,1,0,0,1,0,0,0,0,0,0,1,-1,0,0,1,0,0,0,1,0,1,0,0,0,0,0,0,0,0
V9YX5v-ExqLQtWQuSPgMbw,http://goodstuffeatery.com,2.0,0,0,1,0,0,0,0,0,0,0,0,0,0,0,0,0,0,0,0,1,0,0,0,1,0,0,1,0,-1,1,0,0,0,0,1,0,0,0,0,0,0,0,1,-1,-1,0,0,0,-1,1,0,0,0,0,1,1,0,0,0,0,0,0,0,-1,0,0,0,0,0,0,0,0,0,0,0,0,0,-1,0,0,0
uxLqoCvXwgewp0uYZ13yhA,https://www.yelp.com/biz/grille-district-arlington-7?adjust_creative=zQXigI7LgZAT12wMOc08kg&utm_campaign=yelp_api_v3&utm_medium=api_v3_business_search&utm_source=zQXigI7LgZAT12wMOc08kg,3.5,0,0,1,0,0,0,0,0,0,0,0,0,0,0,0,0,0,0,0,1,0,0,0,1,0,0,0,0,1,-1,0,0,0,0,1,0,0,0,0,0,0,0,1,0,-1,0,0,0,0,1,0,0,1,0,0,1,1,0,0,0,0,0,1,-1,0,0,0,0,0,0,0,0,1,0,0,0,0,-1,0,0,0
9ORWlp6YIIUKR-Ui4Ej6hQ,https://www.flyreagan.com,2.5,0,0,0,0,0,0,0,0,0,1,0,0,0,0,0,0,0,0,0,1,0,0,0,0,0,0,0,0,-1,-1,0,0,0,0,1,0,0,0,0,0,0,0,1,1,-1,0,0,0,-1,1,0,0,1,0,1,1,1,0,0,0,0,0,1,-1,0,0,0,0,0,0,0,1,1,0,0,0,0,0,0,0,0
rmAOSAMFTS6i0RBHu3KqRw,http://www.richardsandoval.com,3.5,0,0,0,1,0,0,0,0,0,0,0,0,0,0,0,0,0,0,0,1,0,0,0,0,0,0,1,0,-1,1,0,0,0,0,1,0,0,0,0,0,0,0,1,1,-1,0,0,0,-1,1,0,0,0,0,0,1,1,0,0,0,0,0,1,-1,0,0,0,0,0,0,0,0,1,0,0,0,0,0,0,0,0
czM3z5Z5aaeuo-xzp0UP-g,https://restaurants.fiveguys.c…,4.0,0,0,1,0,0,0,0,0,0,0,0,0,0,0,0,0,0,0,1,0,0,0,0,0,0,0,0,0,-1,1,0,0,0,0,0,0,0,0,0,0,0,0,-1,0,-1,0,0,0,-1,1,0,0,1,0,0,1,1,0,0,0,0,0,0,-1,0,0,0,0,0,0,0,0,0,0,0,0,0,0,0,0,0
VanWWOxTGQDv9lRN3YrylQ,http://www.chick-fil-a.com,3.0,0,0,1,0,0,0,0,0,0,0,0,0,0,0,0,0,0,0,1,0,0,0,0,0,0,0,0,0,1,1,0,0,0,0,0,0,0,0,0,0,0,0,0,0,0,0,0,0,0,0,0,0,1,0,0,1,0,0,0,0,0,0,0,1,0,0,0,0,0,0,0,0,0,0,0,0,0,-1,0,0,0
bAf4B5PHKDBl6NTf0hy_WQ,http://flyreagan.com/dca/cibo-…,4.0,0,0,0,0,0,1,0,0,0,0,0,0,0,0,0,0,0,0,0,1,0,0,0,0,0,1,0,0,1,1,0,0,0,0,0,0,0,0,0,0,0,0,1,0,-1,0,0,0,0,1,0,0,1,0,0,0,0,0,0,0,0,0,0,-1,0,0,0,0,0,0,0,0,0,0,0,0,0,0,0,0,0
69YFebT1rL76qxLDTPnN_g,http://flyreagan.com,2.0,0,0,0,0,0,1,0,0,0,0,0,0,0,0,0,0,0,0,1,0,0,0,0,0,0,1,0,0,-1,0,0,0,0,0,0,0,0,0,0,0,0,0,0,0,0,0,0,0,-1,0,0,0,0,0,0,0,0,0,0,0,0,0,0,0,0,0,0,0,0,0,0,0,0,0,0,0,0,0,0,0,0
RH2ACZMTv6ZOI26Qs6h3zA,http://ihop.com,3.0,0,0,1,0,0,0,0,0,0,0,0,0,0,0,0,0,0,0,0,1,0,0,1,1,0,0,0,0,1,1,0,0,0,0,0,0,0,0,0,0,0,0,-1,0,-1,0,0,0,-1,1,0,0,1,0,1,1,1,0,1,1,0,0,0,-1,0,0,1,0,0,0,0,0,0,0,0,0,0,-1,0,0,0
snwn7sWDaDzo3zhrMi3s5g,https://www.yelp.com/biz/kapnos-taverna-arlington-6?adjust_creative=zQXigI7LgZAT12wMOc08kg&utm_campaign=yelp_api_v3&utm_medium=api_v3_business_search&utm_source=zQXigI7LgZAT12wMOc08kg,2.5,0,0,0,0,0,0,0,0,0,0,0,0,0,1,0,0,0,0,0,1,0,0,0,1,0,0,0,0,-1,-1,0,0,0,0,1,0,0,0,0,0,0,0,1,1,-1,-1,0,-1,-1,1,0,0,1,0,1,1,1,0,0,0,0,0,1,-1,0,0,0,0,0,0,0,0,1,0,0,0,0,0,0,0,0
EBpv4cdpLXXeVjSse99_cQ,http://www.flyreagan.com/dca/g…,2.0,0,0,0,0,0,0,0,0,0,0,0,0,0,0,0,0,0,0,0,1,0,0,0,0,0,1,0,0,-1,1,0,0,0,0,1,0,0,0,0,0,0,0,1,-1,-1,0,0,0,-1,0,0,0,0,0,1,0,0,0,0,0,0,0,0,-1,0,0,1,0,0,0,1,0,0,0,0,0,0,0,0,0,0
GBzCC7wM-X8XuSUv8VNH0w,http://www.flyreagan.com,2.5,0,0,0,0,0,0,0,0,0,1,0,0,0,0,0,0,0,0,1,0,0,0,0,0,0,0,0,0,1,1,0,0,0,0,0,0,0,0,0,0,0,0,1,0,-1,0,0,0,-1,0,0,0,0,0,0,0,0,0,0,0,0,0,0,0,0,0,0,0,0,0,0,0,0,0,0,0,0,0,0,0,0
0qzwOlz7WOHVrUxzMlI-IQ,http://reaganfoodandshops.com/,2.0,0,0,0,0,0,0,0,0,0,0,0,0,0,0,0,0,0,0,1,0,0,0,0,0,0,0,1,0,-1,1,0,0,0,0,1,0,0,0,0,0,0,0,1,0,-1,0,0,0,-1,0,0,0,0,0,0,0,0,0,0,0,0,0,0,-1,0,0,0,0,0,0,0,0,0,0,0,0,0,0,0,0,0
xFbZKHFXcXiDFAg05oSzlA,https://www.mcdonalds.com,2.5,0,0,1,0,0,0,0,0,0,0,0,0,0,0,0,0,0,0,1,0,0,0,0,1,0,0,0,0,1,1,0,0,0,0,1,0,0,0,0,0,0,0,1,0,-1,0,0,0,1,1,0,0,1,0,1,1,1,0,0,1,0,0,0,-1,0,0,0,0,0,0,0,0,0,0,0,0,0,0,0,0,0
G5xWW1v6jVtVf0Q0dHVI8g,http://www.lebanesetaverna.com,2.0,1,0,0,0,0,0,0,0,0,0,0,0,0,0,0,0,0,0,0,1,0,0,0,1,0,1,0,0,-1,1,0,0,0,0,0,0,0,0,0,0,0,0,-1,-1,-1,-1,0,0,-1,1,0,0,1,0,1,0,0,0,0,0,0,0,0,-1,0,0,0,0,0,0,0,0,0,0,0,0,0,0,0,0,0
MeO5lMo_oZmhaG45XzI8FA,https://www.flyreagan.com,3.0,0,0,0,0,0,1,0,0,0,0,0,0,0,0,0,0,0,0,0,1,0,0,0,0,0,0,0,0,-1,-1,0,0,0,0,1,0,0,0,0,0,0,0,1,0,-1,0,0,0,-1,1,0,0,0,0,0,0,0,0,0,0,0,0,1,0,0,0,0,0,0,0,0,0,0,0,0,0,0,0,0,0,1
oEukgahbWGqB0CCGFrmZ_w,https://hardees.com,1.5,0,0,1,0,0,0,0,0,0,0,0,0,0,0,0,0,0,0,1,0,0,0,0,1,0,0,0,0,1,1,0,0,0,0,0,0,0,0,0,0,0,0,0,0,-1,0,0,0,0,0,0,0,0,0,0,0,0,0,0,0,0,0,0,0,0,0,0,0,0,0,0,0,0,0,0,0,0,0,0,0,0
Icuy6z_AiGjsSm3H02S3zA,http://www.mcdonalds.com,2.5,0,0,1,0,0,0,0,0,0,0,0,0,0,0,0,0,0,0,1,0,0,0,0,1,0,0,0,0,1,1,0,0,0,0,1,0,0,0,0,0,0,0,1,0,-1,0,0,0,1,0,0,0,1,0,1,0,0,0,0,0,0,0,0,-1,0,0,0,0,0,0,0,0,0,0,0,0,0,0,0,0,0
oZNsmIqk5hySN1piUPBBbQ,http://www.mcdonalds.com,2.0,0,0,1,0,0,0,0,0,0,0,0,0,0,0,0,0,0,0,1,0,0,0,0,1,0,0,1,0,1,1,0,0,0,0,1,0,0,0,0,0,0,0,1,0,1,0,0,0,-1,0,0,0,0,0,0,0,0,0,0,0,0,0,0,-1,0,0,0,0,0,0,0,0,0,0,0,0,0,0,0,0,0
nHD3w-CBUXyEGf9TrLhKjA,http://www.mcdonalds.com,2.0,0,0,1,0,0,0,0,0,0,0,0,0,0,0,0,0,0,0,1,0,0,0,0,1,0,0,0,0,1,1,0,0,0,0,1,0,0,0,0,0,0,0,1,0,1,0,0,0,-1,0,0,0,0,0,0,0,0,0,0,0,0,0,0,0,0,0,0,0,0,0,0,0,0,0,0,0,0,0,0,0,0
ZZCKW-p4UAfduC19l6uZyg,https://burgerking.com,2.0,0,0,1,0,0,0,0,0,0,0,0,0,0,0,0,0,0,0,1,0,0,0,0,1,0,0,0,0,1,1,0,0,0,0,0,0,0,0,0,0,0,0,1,0,-1,0,0,0,0,0,0,0,1,0,0,0,0,0,0,0,0,0,0,0,0,0,0,0,0,0,0,0,0,0,0,0,0,0,0,0,0
